id,member_id,date,title,tags,prefecture,venue,setlist_main,setlist_encore
714,0,2026/08/14,コカ・コーラ SUMMER FES 音楽ライブ,フェス,東京都,六本木ヒルズアリーナ,えびチリ、はじめました|キングオブ学芸会のテーマ～Nu Skool Teenage Riot～|梅|HOT UP!!!|MISSION SURVIVOR|23回目のサマーナイト|愛のレンタル|CHAN-CHARA-CHAN|朝顔|青春ゾンビィィズ|売れたいエモーション!|金八DANCE MUSIC,
713,0,2026/08/10,LuckyFes’26,フェス,茨城県,国営ひたち海浜公園,ラブリースマイリーベイビー|えびチリ、はじめました|仮契約のシンデレラ|愛のレンタル|ジャンプ|HOT UP!!!|シンガロン・シンガソン,
712,0,2026/08/09,FAMIEN 2026 DAY2 限界突破！！,ファミえん,山梨県,山中湖交流プラザきらら シアターひびき,オメカシ・フィーバー|イヤフォン・ライオット|ApaApa|ちちんぷい|夏だぜジョニー|MISSION SURVIVOR|HOT UP!!!|イート・ザ・大目玉|ナチュメロらんでぶー|Summer Glitter|スーパーブルー|ハイタテキ!|まだ×2売れたいエモーション！@桜木心菜・小久保柚乃・風見和香・桜井えま・仲村悠菜//ほぼブラジル//いつかのメイドインジャピャ～ン|えびチリ、はじめました|キングオブ学芸会のテーマ～Nu Skool Teenage Riot～|未確認中学生X|買い物しようと町田へ|新未来センセーション|梅|シンガロン・シンガソン,サドンデス|Family Complex|誘惑したいや|放課後ゲタ箱ロッケンロールMX
711,0,2026/08/08,FAMIEN 2026 DAY1 EMO中！,ファミえん,山梨県,山中湖交流プラザきらら シアターひびき,Bang Bang Beat|イヤフォン・ライオット|ApaApa|ちちんぷい|夏だぜジョニー|MISSION SURVIVOR|HOT UP!!!|イート・ザ・大目玉|ラブリースマイリーベイビー|Summer Glitter@真山りか・安本彩花|スーパーブルー|紅の詩|まだ×2売れたいエモーション！@桜木心菜・小久保柚乃・風見和香・桜井えま・仲村悠菜//ほぼブラジル//いつかのメイドインジャピャ～ン|えびチリ、はじめました|いい湯かな?|感情電車|愛のレンタル|自由へ道連れ|23回目のサマーナイト|YELL,熟女になっても|仮契約のシンデレラ|フレ!フレ!サイリウム
710,0,2026/08/04,めざましライブ×イマドキ,,東京都,豊洲PIT,えびぞりダイアモンド!!|えびチリ、はじめました|Family Complex|シンガロン・シンガソン,
709,0,2026/08/02,Heavy Kawaii Fes 2026,,東京都,明治座,仮契約のシンデレラ|えびチリ、はじめました|YELL|HOT UP!!!|自由へ道連れ|愛のレンタル|梅,
708,0,2026/08/01,Heavy Kawaii Fes 2026,,東京都,明治座,仮契約のシンデレラ|えびチリ、はじめました|放課後ゲタ箱ロッケンロールMX|紅の詩|自由へ道連れ|愛のレンタル|えびぞりダイアモンド!!,
707,0,2026/07/31,TOKYO IDOL FESTIVAL 2026 supported by にしたんクリニック,フェス,東京都,お台場・青海周辺エリア,仮契約のシンデレラ|揚げろ!エビフライ|えびチリ、はじめました|Go!Go!Here We Go!ロック・リー|放課後ゲタ箱ロッケンロールMX,
706,0,2026/07/26,10年目記念で有明に引っ越しだよ！六本木アイドルフェスティバル2026,フェス,東京都,東京ドリームパーク,青い青い星の名前|仮契約のシンデレラ|えびチリ、はじめました|紅の詩|YELL,
705,5,2026/07/25,Jember Fashion Carnaval 2026,ソロ,インドネシア,,Bobby makes you smile!|Modorenai Yoru|Swipe Kanan Kiri,
704,0,2026/07/12,私立恵比寿中学 Spring Tour 2026 〜SuGuilty Train〜,春ツアー,東京都,立川ステージガーデン,"R-O-B-O-C-K|はみだせGirls|自由へ道連れ|Knock You Out!|ゼッテーアナーキー|ジブンアップデート|あたしきっと無限ルーパー|HOT UP!!!|制服""報連相″ファンク|イート・ザ・大目玉|BLUE DIZZINESS|PLAYBACK|感情電車|ナガレボシ|ApaApa|まだ×2売れたいエモーション！|シンガロン・シンガソン|スーパーヒーロー|すたーてぃん@桜井えま・仲村悠菜|フレ!フレ!サイリウム|えびチリ、はじめました|えび♡バディLOVE",えびチリ、はじめました|なないろ|スターダストライト
703,0,2026/07/11,私立恵比寿中学 Spring Tour 2026 〜SuGuilty Train〜,春ツアー,東京都,立川ステージガーデン,R-O-B-O-C-K|はみだせGirls|自由へ道連れ|Knock You Out!|ゼッテーアナーキー|ジブンアップデート|あたしきっと無限ルーパー|HOT UP!!!|ちちんぷい|イート・ザ・大目玉|BLUE DIZZINESS|PLAYBACK|感情電車|ナガレボシ|ApaApa|まだ×2売れたいエモーション！|シンガロン・シンガソン|スーパーヒーロー|揚げろ!エビフライ|えびチリ、はじめました|えび♡バディLOVE,えびチリ、はじめました|仮契約のシンデレラ|スターダストライト
702,0,2026/07/05,私立恵比寿中学 Spring Tour 2026 〜SuGuilty Train〜,春ツアー,大阪府,NHK大阪ホール,R-O-B-O-C-K|はみだせGirls|自由へ道連れ|Knock You Out!|ゼッテーアナーキー|ジブンアップデート|あたしきっと無限ルーパー|HOT UP!!!|夏だぜジョニー|イート・ザ・大目玉|BLUE DIZZINESS|PLAYBACK|感情電車|ナガレボシ|ApaApa|まだ×2売れたいエモーション！|シンガロン・シンガソン|スーパーヒーロー|青い青い星の名前,えびチリ、はじめました|ハイタテキ!|スターダストライト
701,0,2026/07/04,私立恵比寿中学 Spring Tour 2026 〜SuGuilty Train〜,春ツアー,大阪府,NHK大阪ホール,R-O-B-O-C-K|はみだせGirls|自由へ道連れ|Knock You Out!|ゼッテーアナーキー|ジブンアップデート|あたしきっと無限ルーパー|HOT UP!!!|禁断のカルマ|イート・ザ・大目玉|BLUE DIZZINESS|PLAYBACK|感情電車|ナガレボシ|ApaApa|まだ×2売れたいエモーション！|シンガロン・シンガソン|スーパーヒーロー|イヤフォン・ライオット|えびチリ、はじめました|えび♡バディLOVE,朝顔|スターダストライト
700,5,2026/06/22,安本彩花 生誕ソロライブ「安安2026〜♡Japanese idol♡〜,生誕|ソロ,神奈川県,KT Zepp Yokohama,売れたいエモーション!//Go!Go!Here We Go!ロック・リー//全力☆ランナー//ハイタテキ!//ナチュメロらんでぶー|大好きで大嫌い / 柏木ひなた|小さな戦士|チャイム!|Bobby makes you smile!|Swipe Kanan Kiri@安本彩花・Sisca Saras|Modorenai Yoru@安本彩花・Sisca Saras|TSUBOMI|アイラブ言う / 忘れらんねえよ|君のままで|スーパーヒーロー（安本彩花）|そのまま。,カレーライス|future
699,0,2026/06/21,16th Single『えび♡バディLOVE』発売記念リリースイベント,,大阪府,もりのみやキューズモールBASE,えび♡バディLOVE|シンガロン・シンガソン|愛のレンタル|ApaApa|YELL,
698,0,2026/06/20,ちゃやまちアイドルパーク2026,,大阪府,梅田芸術劇場メインホール,愛のレンタル|仮契約のシンデレラ|シンガロン・シンガソン|YELL,
697,0,2026/06/07,私立恵比寿中学 Spring Tour 2026 〜SuGuilty Train〜,春ツアー,東京都,Kanadevia Hall,R-O-B-O-C-K|はみだせGirls|自由へ道連れ|Knock You Out!|ゼッテーアナーキー|ジブンアップデート|あたしきっと無限ルーパー|HOT UP!!!|誘惑したいや|イート・ザ・大目玉|BLUE DIZZINESS|PLAYBACK|感情電車|ナガレボシ|ApaApa|まだ×2売れたいエモーション！|シンガロン・シンガソン|スーパーヒーロー|ボイジャー|えび♡バディLOVE,青春ゾンビィィズ|スターダストライト
696,0,2026/06/06,私立恵比寿中学 Spring Tour 2026 〜SuGuilty Train〜,春ツアー,東京都,Kanadevia Hall,R-O-B-O-C-K|はみだせGirls|自由へ道連れ|Knock You Out!|ゼッテーアナーキー|ジブンアップデート|あたしきっと無限ルーパー|HOT UP!!!|参枚目のタフガキ|イート・ザ・大目玉|BLUE DIZZINESS|PLAYBACK|感情電車|ナガレボシ|ApaApa|まだ×2売れたいエモーション！|シンガロン・シンガソン|スーパーヒーロー|I'm your MANAGER!!!|えび♡バディLOVE,23回目のサマーナイト|スターダストライト
695,0,2026/05/31,メラ！メラ！アニメジャパン!! ジャカルタ 2026」＜Day2＞,,インドネシア,ガンダリアシティモール,仮契約のシンデレラ|シンガロン・シンガソン|トーキョーズ・ウェイ！|MISSION SURVIVOR|手をつなごう,
694,0,2026/05/30,メラ！メラ！アニメジャパン!! ジャカルタ 2026」＜Day1＞,,インドネシア,ガンダリアシティモール,未確認中学生X|Go!Go!Here We Go!ロック・リー|ApaApa|ザ・ティッシュ～とまらない青春～|仮契約のシンデレラ,
693,h,2026/05/28,仲村悠菜 生誕ソロライブ「純喫茶ミルクティー〜4杯目〜」,生誕|ソロ,神奈川県,KT Zepp Yokohama,えびぞりダイアモンド!!|きっとインフィニティー!|テブラデスキー～青春リバティ～|無敵のビーナス / ばってん少女隊|たそがれシアター|タピオカミルクティー / わーすた|SHAKE! SHAKE!|使ってポートフォリオ|梅|Lon de Don,"フォーエバー中坊|Anytime, Anywhere|スターダストライト"
692,0,2026/05/23,私立恵比寿中学 Spring Tour 2026 〜SuGuilty Train〜,春ツアー,新潟県,新潟県民会館 大ホール,R-O-B-O-C-K|はみだせGirls|自由へ道連れ|Knock You Out!|ゼッテーアナーキー|ジブンアップデート|あたしきっと無限ルーパー|HOT UP!!!|でかどんでん|イート・ザ・大目玉|BLUE DIZZINESS|PLAYBACK|感情電車|ナガレボシ|ApaApa|まだ×2売れたいエモーション！|シンガロン・シンガソン|スーパーヒーロー|EBINOMICS|えび♡バディLOVE,愛のレンタル|スターダストライト
691,0,2026/05/17,私立恵比寿中学 Spring Tour 2026 〜SuGuilty Train〜,春ツアー,埼玉県,大宮ソニックシティ 大ホール,R-O-B-O-C-K|はみだせGirls|自由へ道連れ|Knock You Out!|ゼッテーアナーキー|ジブンアップデート|あたしきっと無限ルーパー|HOT UP!!!|踊るロクデナシ|イート・ザ・大目玉|BLUE DIZZINESS|PLAYBACK|感情電車|ナガレボシ|ApaApa|まだ×2売れたいエモーション！|シンガロン・シンガソン|スーパーヒーロー|涙は似合わない|えび♡バディLOVE,梅|スターダストライト
690,0,2026/05/12,私立恵比寿中学 × ukka ツーマンライブ,対バン,東京都,Zepp Haneda,えびぞりダイアモンド!! / 私立恵比寿中学 × ukka|仮契約のシンデレラ / 私立恵比寿中学|梅 / 私立恵比寿中学|ApaApa / 私立恵比寿中学|MISSION SURVIVOR / 私立恵比寿中学|HOT UP!!! / 私立恵比寿中学|シンガロン・シンガソン / 私立恵比寿中学|YELL / 私立恵比寿中学|オスグッド・コミュニケーション / ukka|まわるまわるまわる / ukka|リンドバーグ / ukka|エビ・バディ・ワナ・ビー / ukka|AM805の交差点 / ukka|Rising dream / ukka|Aonity / ukka|それは月曜日の9時のように / 私立恵比寿中学 × ukka,頑張ってる途中 / 私立恵比寿中学 × ukka
689,0,2026/05/10,私立恵比寿中学 Spring Tour 2026 〜SuGuilty Train〜,春ツアー,宮城県,東京エレクトロンホール宮城,R-O-B-O-C-K|はみだせGirls|自由へ道連れ|Knock You Out!|ゼッテーアナーキー|ジブンアップデート|あたしきっと無限ルーパー|HOT UP!!!|あなたのダンスで騒がしい|イート・ザ・大目玉|BLUE DIZZINESS|PLAYBACK|感情電車|ナガレボシ|ApaApa|まだ×2売れたいエモーション！|シンガロン・シンガソン|スーパーヒーロー|歌え!踊れ!エビーダダ!|えび♡バディLOVE,Bang Bang Beat|スターダストライト
688,0,2026/04/29,私立恵比寿中学 Spring Tour 2026 〜SuGuilty Train〜,春ツアー,福岡県,福岡国際会議場 メインホール,R-O-B-O-C-K|はみだせGirls|トーキョーズ・ウェイ！|Knock You Out!|ジブンアップデート|ゼッテーアナーキー|あたしきっと無限ルーパー|HOT UP!!!|使ってポートフォリオ|イート・ザ・大目玉|BLUE DIZZINESS|PLAYBACK|感情電車|ナガレボシ|ApaApa|まだ×2売れたいエモーション！|シンガロン・シンガソン|スーパーヒーロー|Go!Go!Here We Go!ロック・リー|えび♡バディLOVE,未確認中学生X|スターダストライト
687,0,2026/04/25,私立恵比寿中学 Spring Tour 2026 〜SuGuilty Train〜,春ツアー,愛知県,刈谷市総合文化センター 大ホール,"R-O-B-O-C-K|はみだせGirls|トーキョーズ・ウェイ！|Knock You Out!|ジブンアップデート|ゼッテーアナーキー|あたしきっと無限ルーパー|HOT UP!!!|Anytime, Anywhere|イート・ザ・大目玉|BLUE DIZZINESS|PLAYBACK|感情電車|ナガレボシ|ApaApa|まだ×2売れたいエモーション！|シンガロン・シンガソン|スーパーヒーロー|コミックガール|えび♡バディLOVE",ポップコーントーン|スターダストライト
686,0,2026/04/18,私立恵比寿中学 Spring Tour 2026 〜SuGuilty Train〜,春ツアー,茨城県,ザ・ヒロサワ・シティ会館 大ホール,R-O-B-O-C-K|はみだせGirls|トーキョーズ・ウェイ！|Knock You Out!|ジブンアップデート|ゼッテーアナーキー|あたしきっと無限ルーパー|HOT UP!!!|きゅるん|イート・ザ・大目玉|BLUE DIZZINESS|PLAYBACK|感情電車|ナガレボシ|ApaApa|まだ×2売れたいエモーション！|シンガロン・シンガソン|スーパーヒーロー|熟女になっても|えび♡バディLOVE,えびぞりダイアモンド!!|スターダストライト
685,0,2026/04/12,16th Single『えびバディLOVE』発売記念リリースイベント,,東京都,ららぽーと豊洲,新未来センセーション|ちちんぷい|えび♡バディLOVE|仮契約のシンデレラ|YELL,
684,0,2026/04/04,Tune Live 2026,,東京都,豊洲PIT,仮契約のシンデレラ|春休みモラトリアム中学生|ハイタテキ!|シンガロン・シンガソン|えび♡バディLOVE,
683,0,2026/03/21,大関内デビル －本日、閉店します。－,,神奈川県,KT Zepp Yokohama,"ザ・ティッシュ～とまらない青春～|新未来センセーション|えび♡バディLOVE|Family Complex|Anytime, Anywhere|YELL|感情電車",
682,0,2026/03/20,16th Single『えびバディLOVE』発売記念リリースイベント,,埼玉県,イオンレイクタウンmori,未確認中学生X|YELL|えび♡バディLOVE|イヤフォン・ライオット|仮契約のシンデレラ,
681,e,2026/03/17,小久保柚乃 生誕ソロライブ「カルシウム」,生誕|ソロ,神奈川県,KT Zepp Yokohama,売れたいエモーション!|トキメキ的週末論|有頂天LOVE / スマイレージ|浪漫 / PEDRO|ハイタテキ!|メトロシティ / imase & なとり|カスタムラブドール / 悪魔のキッス|CHANGE the WORLD / BiS|コミックガール,チャイム!|明日もきっと70点
680,0,2026/02/28,HEROINES FES 2026,フェス,千葉県,LaLa arena TOKYO-BAY,大人はわかってくれない|ハイタテキ!|えび♡バディLOVE|ザ・ティッシュ～とまらない青春～|HOT UP!!!|シンガロン・シンガソン,
679,0,2026/02/22,私立恵比寿中学「Thank you Kアリーナ フリーライブ」,,神奈川県,ららぽーと横浜 1階 セントラルガーデンKiLaLa,えびぞりダイアモンド!!|梅|えび♡バディLOVE|シンガロン・シンガソン|YELL,
678,0,2026/02/21,Kandy Jam vol.1,対バン,神奈川県,ぴあアリーナMM,キングオブ学芸会のテーマ～Nu Skool Teenage Riot～|仮契約のシンデレラ|えび♡バディLOVE|トーキョーズ・ウェイ！|DRAMA QUEEN|MISSION SURVIVOR|シンガロン・シンガソン,
677,3,2026/01/27,真山りか 生誕ソロライブ「まやまにあ-Level.10-」,生誕|ソロ,神奈川県,KT Zepp Yokohama,Liar Mask|老醜ブレイカー / ジャズ喫茶りか|EBINOMICS|PURPLE LOVE / りかるな|鏡YO鏡 / 矢野妃菜喜|Shen-Shen Passion Night|禁断のカルマ|月のしずく / RUI|キスでおこして / aiko|ハッピーエンドとそれから|日進月歩|風の日 / ELLEGARDEN,蜃気楼|二十九、三十 / クリープハイプ|さよならばいばいまたあした
676,0,2026/01/12,新春大学芸会2026 −SEIJIN CHUGAKUSEI GT−,,神奈川県,Kアリーナ横浜,大人はわかってくれない|フォーエバー中坊|エビ中一週間|えびぞりダイアモンド!!|サクラ・ゴーラウンド|梅|春の嵐|どしゃぶりリグレット|23回目のサマーナイト|ラブリースマイリーベイビー|BLUE DIZZINESS@桜木心菜・桜井えま|PANDORA@安本彩花・仲村悠菜|参枚目のタフガキ@中山莉子・風見和香|愛のレンタル@真山りか・小久保柚乃|CRYSTAL DROP|ボイジャー//キャンディロッガー//朝顔//Lon de Don//アンコールの恋//CHAN-CHARA-CHAN//紅の詩//響|えび♡バディLOVE|君のままで|SCHOOL DAYS|きっとインフィニティー!|BUZZER BEATER|YELL,"元気しかない！|Bang Bang Beat|Anytime, Anywhere"
675,0,2025/12/28,HIMEJI COLLECTION VOL.1,,兵庫県,アクリエひめじ 展示場,仮契約のシンデレラ|シンガロン・シンガソン|スターダストライト|ラブリースマイリーベイビー|ハイタテキ!,
674,0,2025/12/20,私立恵比寿中学『Road to Kアリーナ フリーライブ』in 川崎,,神奈川県,ラゾーナ川崎プラザ 2F ルーファ広場グランドステージ,仮契約のシンデレラ|YELL|CRYSTAL DROP|まっすぐ|Family Complex,
673,0,2025/12/14,私立恵比寿中学『Road to Kアリーナ フリーライブ』,,東京都,アーバンドック ららぽーと豊洲 シーサイドデッキメインステージ,未確認中学生X|TWINKLE WINK|仮契約のシンデレラ|シンガロン・シンガソン|YELL,
672,0,2025/12/12,Road to Kアリーナ『秋の5都市キャラバンツアー〜Magic 1 Hour〜』,,愛知県,COMTEC PORTBASE,バタフライエフェクト|仮契約のシンデレラ|自由へ道連れ|えびぞりダイアモンド!!|トーキョーズ・ウェイ！|BLUE DIZZINESS|さよなら秘密基地|ラブリースマイリーベイビー|ハッピーエンドとそれから|MISSION SURVIVOR|YELL|梅,
671,0,2025/12/12,Road to Kアリーナ『秋の5都市キャラバンツアー〜Magic 1 Hour〜』,,愛知県,COMTEC PORTBASE,"HOT UP!!!|仮契約のシンデレラ|シンガロン・シンガソン|えびぞりダイアモンド!!|TWINKLE WINK|DRAMA QUEEN|さよなら秘密基地|SCHOOL DAYS|Anytime, Anywhere|MISSION SURVIVOR|全力☆ランナー|紅の詩",
670,0,2025/12/07,ちかっぱ祭2025,フェス,福岡県,マリンメッセ福岡B館,梅|ラブリースマイリーベイビー|YELL|シンガロン・シンガソン|仮契約のシンデレラ,
669,0,2025/12/05,Road to Kアリーナ『秋の5都市キャラバンツアー〜Magic 1 Hour〜』,,福岡県,Zepp Fukuoka,HOT UP!!!|仮契約のシンデレラ|自由へ道連れ|愛のレンタル|TWINKLE WINK|BLUE DIZZINESS|23回目のサマーナイト|ラブリースマイリーベイビー|ハッピーエンドとそれから|スーパーヒーロー|全力☆ランナー|ジャンプ,
668,0,2025/12/05,Road to Kアリーナ『秋の5都市キャラバンツアー〜Magic 1 Hour〜』,,福岡県,Zepp Fukuoka,HOT UP!!!|仮契約のシンデレラ|自由へ道連れ|禁断のカルマ|TWINKLE WINK|BLUE DIZZINESS|ヘロー|ラブリースマイリーベイビー|ハッピーエンドとそれから|感情電車|全力☆ランナー|ジャンプ,
667,0,2025/12/04,Road to Kアリーナ『秋の5都市キャラバンツアー〜Magic 1 Hour〜』HIROSHIMA CLUB QUATTRO＜2部＞,,広島県,HIROSHIMA CLUB QUATTRO,金八DANCE MUSIC|仮契約のシンデレラ|ポップコーントーン|愛のレンタル|TWINKLE WINK|BLUE DIZZINESS|23回目のサマーナイト|ラブリースマイリーベイビー|SHAKE! SHAKE!|スーパーヒーロー|全力☆ランナー|イート・ザ・大目玉,
666,0,2025/12/04,Road to Kアリーナ『秋の5都市キャラバンツアー〜Magic 1 Hour〜』,,広島県,HIROSHIMA CLUB QUATTRO,金八DANCE MUSIC|仮契約のシンデレラ|ポップコーントーン|禁断のカルマ|TWINKLE WINK|BLUE DIZZINESS|ヘロー|ラブリースマイリーベイビー|SHAKE! SHAKE!|感情電車|全力☆ランナー|イート・ザ・大目玉,
665,0,2025/12/02,私立恵比寿中学TAIBAN LIVE「放課後ロッケンロール-HYPER- 2025」私立恵比寿中学 VS 粗品,対バン,東京都,Zepp Haneda,Knock You Out!|イート・ザ・大目玉|MISSION SURVIVOR|EBINOMICS|梅|ハイタテキ!|ほぼブラジル|ラブリースマイリーベイビー|春休みモラトリアム中学生|U.B.U.,放課後ゲタ箱ロッケンロールMX私立恵比寿中学×粗品
664,0,2025/12/01,私立恵比寿中学TAIBAN LIVE「放課後ロッケンロール-HYPER- 2025」私立恵比寿中学 VS tripleS ∞!,対バン,東京都,Zepp Haneda,仮契約のシンデレラ|kyo-do?|BLUE DIZZINESS|TWINKLE WINK|DRAMA QUEEN|はみだせGirls|放課後ゲタ箱ロッケンロールMX|Family Complex|HOT UP!!!|シンガロン・シンガソン,仮契約のシンデレラ@真山りか・安本彩花・風見和香・仲村悠菜|Password / tripleS ∞!@中山莉子・桜木心菜・小久保柚乃・桜井えま|永遠に中学生@with tripleS ∞!
663,0,2025/11/30,俺のえびシャチライブ〜THE FINAL〜,対バン,神奈川県,パシフィコ横浜 国立大ホール,放課後ゲタ箱ロッケンロールMX@with TEAM SHACHI|FANTASTIC MIRAI / TEAM SHACHI|TWINKLE WINK / 私立恵比寿中学|沸き曲 / TEAM SHACHI|乙女受験戦争 / TEAM SHACHI|ハイタテキ! / 私立恵比寿中学|ちちんぷい / 私立恵比寿中学|HOT UP!!! / 私立恵比寿中学|梅 / TEAM SHACHI(私立恵比寿中学楽曲)|翔け抜けてスターマイン / TEAM SHACHI|晴れ晴れ / TEAM SHACHI|YELL / 私立恵比寿中学|COLOR / 私立恵比寿中学|colors / TEAM SHACHI|START / 私立恵比寿中学(TEAM SHACHI楽曲)|エンジョイ人生//売れたいエモーション!//ザ・ティッシュ～とまらない青春～//シャンプーハット//歌え!踊れ!エビーダダ!//私がセンター//でらディスコ//禁断のカルマ//トリプルセブン//サドンデス|抱きしめてアンセム / 私立恵比寿中学×TEAM SHACHI,もっと走れっ!! / 私立恵比寿中学|もーちょっと走れ!!! / TEAM SHACHI|また明日 / 私立恵比寿中学×TEAM SHACHI
662,0,2025/11/24,Road to Kアリーナ『秋の5都市キャラバンツアー〜Magic 1 Hour〜』,,大阪府,東京建物 Brillia HALL 箕面 大ホール,"ちちんぷい|仮契約のシンデレラ|イヤフォン・ライオット|愛のレンタル|トーキョーズ・ウェイ！|DRAMA QUEEN|SCHOOL DAYS|23回目のサマーナイト|Anytime, Anywhere|スーパーヒーロー|YELL|紅の詩",
661,0,2025/11/24,Road to Kアリーナ『秋の5都市キャラバンツアー〜Magic 1 Hour〜』,,大阪府,東京建物 Brillia HALL 箕面 大ホール,"ちちんぷい|仮契約のシンデレラ|イヤフォン・ライオット|禁断のカルマ|トーキョーズ・ウェイ！|DRAMA QUEEN|SCHOOL DAYS|ヘロー|Anytime, Anywhere|感情電車|YELL|紅の詩",
660,0,2025/11/21,ライブナタリー “私立恵比寿中学 × Juice=Juice”,対バン,東京都,J:COMホール八王子,イヤフォン・ライオット / 私立恵比寿中学|CHOICE & CHANCE / Juice=Juice|イート・ザ・大目玉 / 私立恵比寿中学|キングオブ学芸会のテーマ～Nu Skool Teenage Riot～ / 私立恵比寿中学|オメカシ・フィーバー / 私立恵比寿中学|DRAMA QUEEN / 私立恵比寿中学|禁断少女 / Juice=Juice|四の五の言わず颯と別れてあげた / Juice=Juice|イジワルしないで 抱きしめてよ / Juice=Juice|Va‐Va‐Voom / Juice=Juice|プライド・ブライト / 私立恵比寿中学(Juice=Juice楽曲)|I'll be here / Juice=Juice(私立恵比寿中学楽曲)|私が言う前に抱きしめなきゃね / Juice=Juice|甘えんな / Juice=Juice|ひとりで生きられそう」って それってねえ、褒めているの? / Juice=Juice|Fiesta! Fiesta! / Juice=Juice|禁断のカルマ / 私立恵比寿中学|MISSION SURVIVOR / 私立恵比寿中学|シンガロン・シンガソン / 私立恵比寿中学|仮契約のシンデレラ / 私立恵比寿中学,HOT UP!!! / 私立恵比寿中学|盛れ!ミ・アモーレ / Juice=Juice|Magic of Love / Juice=Juice×私立恵比寿中学(Juice=Juice楽曲)
659,0,2025/11/20,Road to Kアリーナ『秋の5都市キャラバンツアー〜Magic 1 Hour〜』,,東京都,Kanadevia Hall,バタフライエフェクト|仮契約のシンデレラ|シンガロン・シンガソン|愛のレンタル|トーキョーズ・ウェイ！|DRAMA QUEEN|SCHOOL DAYS|23回目のサマーナイト|kyo-do?|スーパーヒーロー|YELL|梅,
658,0,2025/11/20,Road to Kアリーナ『秋の5都市キャラバンツアー〜Magic 1 Hour〜』,,東京都,Kanadevia Hall,バタフライエフェクト|仮契約のシンデレラ|シンガロン・シンガソン|禁断のカルマ|トーキョーズ・ウェイ！|DRAMA QUEEN|SCHOOL DAYS|ヘロー|kyo-do?|感情電車|YELL|梅,
657,0,2025/11/16,サントリー オールフリー presents 氣志團万博2025 関東爆音パビリオン powered by Epson,フェス,千葉県,幕張メッセ国際展示場 9～11ホール,仮契約のシンデレラ|頑張ってる途中|放課後ゲタ箱ロッケンロールMX|PANDORA|Family Complex,
656,0,2025/11/03,ちゅうおん2025」愛知県芸術劇場 大ホール＜2部＞,ちゅうおん,愛知県,愛知県芸術劇場 大ホール,Troublemaker / 嵐|自由へ道連れ|勿忘 / Awesome City Club|BLUE DIZZINESS|キャンディロッガー|ボイジャー|曇天|ナガレボシ|春の嵐|Over Drive / JUDY AND MARY@小久保柚乃//打上花火 / DAOKO×米津玄師@仲村悠菜//Your Song / LOVE PSYCHEDELICO@桜木心菜//月のしずく / RUI@真山りか//みんな空の下 / 絢香@桜井えま//やさしくなりたい / 斉藤和義@中山莉子//GO FOR IT !! / 西野カナ@風見和香//ブルーバード / いきものがかり@安本彩花|君のままで|SCHOOL DAYS|全力☆ランナー|イート・ザ・大目玉|オメカシ・フィーバー|まっすぐ|ラヴ・パレード / ORANGE RANGE,
655,0,2025/11/03,ちゅうおん2025,ちゅうおん,愛知県,愛知県芸術劇場 大ホール,Troublemaker / 嵐|自由へ道連れ|勿忘 / Awesome City Club|BLUE DIZZINESS|キャンディロッガー|ボイジャー|曇天|青い青い星の名前|春の嵐|Over Drive / JUDY AND MARY@小久保柚乃//打上花火 / DAOKO×米津玄師@仲村悠菜//Your Song / LOVE PSYCHEDELICO@桜木心菜//月のしずく / RUI@真山りか//みんな空の下 / 絢香@桜井えま//やさしくなりたい / 斉藤和義@中山莉子//GO FOR IT !! / 西野カナ@風見和香//ブルーバード / いきものがかり@安本彩花|ちがうの|SCHOOL DAYS|全力☆ランナー|イート・ザ・大目玉|オメカシ・フィーバー|響|ラヴ・パレード / ORANGE RANGE,
654,0,2025/11/02,ちゅうおん2025,ちゅうおん,神奈川県,カルッツかわさき,Troublemaker / 嵐|自由へ道連れ|勿忘 / Awesome City Club|BLUE DIZZINESS|キャンディロッガー|ボイジャー|曇天|ナガレボシ|春の嵐|Over Drive / JUDY AND MARY@小久保柚乃//打上花火 / DAOKO×米津玄師@仲村悠菜//Your Song / LOVE PSYCHEDELICO@桜木心菜//月のしずく / RUI@真山りか//みんな空の下 / 絢香@桜井えま//やさしくなりたい / 斉藤和義@中山莉子//GO FOR IT !! / 西野カナ@風見和香//ブルーバード / いきものがかり@安本彩花|君のままで|SCHOOL DAYS|全力☆ランナー|イート・ザ・大目玉|オメカシ・フィーバー|まっすぐ|ラヴ・パレード / ORANGE RANGE,
653,c,2025/10/28,中山莉子 生誕ソロライブ「中山莉子の生誕祭。」,生誕|ソロ,神奈川県,KT Zepp Yokohama,最上級にかわいいの！ / 超ときめき♡宣伝部|仮契約のシンデレラ|だって あーりんなんだもーん☆ / 佐々木彩夏(ももいろクローバーZ)|サインはB / B小町|ペコペコリーヌ|ちちんぷい|オメカシ・フィーバー|MISSION SURVIVOR|COLOR,"制服""報連相″ファンク|フォーエバー中坊|永遠に中学生"
652,0,2025/10/26,第４回「スター☆オーディション」最終選考会,,東京都,LINE CUBE SHIBUYA,仮契約のシンデレラ|TWINKLE WINK|イヤフォン・ライオット|YELL|スターダストライト,
651,0,2025/10/18,GIGA•GIGA SONIC presented by UtaTen / チェキチャ 〜推ししか勝たん！君と僕とのギガ推し祭〜,フェス,千葉県,幕張メッセ国際展示場ホール7-8,Knock You Out!|シンガロン・シンガソン|YELL|イート・ザ・大目玉|トーキョーズ・ウェイ！|仮契約のシンデレラ,
650,0,2025/10/12,MAKE A MONOGATARI 2025,フェス,福岡県,直方リバーサイドパーク,大人はわかってくれない|仮契約のシンデレラ|青春ゾンビィィズ|MISSION SURVIVOR|YELL,
649,0,2025/10/11,えびちゅうファンクラブ会員限定イベント2025〜えびちゅう文化祭〜,FCイベント,埼玉県,大宮ソニックシティ 大ホール,半分、大人になりかけた|ご存知!エビ中音頭|キングオブ学芸会のテーマ～Nu Skool Teenage Riot～|フォーエバー中坊|未確認中学生X|踊るガリ勉中学生|新・青春そのもの|春休みモラトリアム中学生|頑張ってる途中|熟女になっても|永遠に中学生,
648,0,2025/10/11,えびちゅうファンクラブ会員限定イベント2025〜えびちゅう体育祭〜,FCイベント,埼玉県,大宮ソニックシティ 大ホール,大漁恵比寿節|キングオブ学芸会のテーマ～Nu Skool Teenage Riot～|フォーエバー中坊|未確認中学生X|踊るガリ勉中学生|新・青春そのもの|春休みモラトリアム中学生|頑張ってる途中|熟女になっても|永遠に中学生,
647,0,2025/10/05,風とロック芋煮会 2025 IMONY IANRYOKO “KITASHIOBARAMURA”,,福島県,EN RESORT Grandeco,えびぞりダイアモンド!!|Family Complex|紅の詩|揚げろ!エビフライ|YELL|仮契約のシンデレラ|永遠に中学生,
646,0,2025/09/23,STARRZ TOKYO 2025,,神奈川県,日本工学院アリーナ,SCHOOL DAYS|シンガロン・シンガソン|仮契約のシンデレラ|イート・ザ・大目玉,
645,d,2025/09/16,桜木心菜 生誕ソロライブ「桜木NightProm～4th night～」,生誕|ソロ,神奈川県,KT Zepp Yokohama,大漁恵比寿節|梅|命日 / ちゃんみな|Hey baby! / 倖田來未|禁断のカルマ|王様の耳はパンの耳|大好きだよ|だって あーりんなんだもーん☆ / 佐々木彩夏(ももいろクローバーZ),可能性 / サンボマスター|キャンディロッガー|MISSION SURVIVOR
644,35,2025/09/07,令和アイドル超選抜らいぶ〜時空を超えて輝く昭和リバイバル〜,,東京都,Zepp Haneda,明日|愛のレンタル@真山りか|感情電車@安本彩花|真夜中のドア〜stay with me / 松原みき|ひこうき雲 / 松任谷由実|木綿のハンカチーフ / 太田裕美|ワインレッドの心 / 安全地帯|2億4千万の瞳 -エキゾチック・ジャパン- / 郷ひろみ|15の夜 / 尾崎豊|淋しい熱帯魚 / Wink@安本彩花・宮本佳林|UFO / ピンク・レディー@真山りか・佐々木彩夏|年下の男の子 / キャンディーズ@真山りか・安本彩花・佐々木彩夏・宮本佳林,なんてったってアイドル / 小泉今日子@真山りか・安本彩花・佐々木彩夏・宮本佳林
643,g,2025/09/02,桜井えま生誕ソロライブ「はにーえまいる〜沼3〜」,生誕|ソロ,神奈川県,KT Zepp Yokohama,"オメカシ・フィーバー|Bang Bang Beat|情熱エクスタシー / ℃-ute|さよならエレジー / 菅田将暉|I'll be here|CRYSTAL DROP|Pick you up / iri|きゅるん|制服""報連相″ファンク|トキメキ的週末論",ハイタテキ!|believe feat. 桜井えま
642,0,2025/08/31,@JAM EXPO 2025 supported by UP-T,,神奈川県,横浜アリーナ,未確認中学生X|ナチュメロらんでぶー|HOT UP!!!|TWINKL WINK|仮契約のシンデレラ,
641,0,2025/08/31,24時間テレビ48「愛は地球を救う」日産チャリティーイベント,,神奈川県,日産グローバル本社ギャラリー,仮契約のシンデレラ|ちちんぷい|ハッピーエンドとそれから|イヤフォン・ライオット|青い青い星の名前,
640,f,2025/08/25,風見和香生誕ソロライブ「ののかまると犬の散歩～制服で駆け抜けろ！！～」,生誕|ソロ,東京都,Zepp DiverCity,チャイム!|エビ中一週間|トレンディガール|マブいラガタイフーン|藍色のMonday|SUMMER SONG / YUI|コミックガール|アイラヴユー / SUPER BEAVER|ボイジャー|明日もきっと70点,制服 / 上白石萌音|買い物しようと町田へ
639,0,2025/08/17,FAMIEN 2025,ファミえん,山梨県,山中湖交流プラザきらら シアターひびき,ナチュメロらんでぶー|夏だぜジョニー|いつかのメイドインジャピャ～ン|ラブリースマイリーベイビー|オーマイゴースト?～わたしが悪霊になっても～|スーパーヒーロー|青春ゾンビィィズ|朝顔|23回目のサマーナイト|誘惑したいや|仮契約のシンデレラ|いろはにODORYANSE|MISSION SURVIVOR|YELL|なないろ|感情電車|ヘロー|ハイタテキ!|大人はわかってくれない|ポップコーントーン|HOT UP!!!,ちちんぷい|紅の詩|手をつなごう
638,0,2025/08/16,FAMIEN 2025,ファミえん,山梨県,山中湖交流プラザきらら シアターひびき,ナチュメロらんでぶー|夏だぜジョニー|ほぼブラジル|ラブリースマイリーベイビー|オーマイゴースト?～わたしが悪霊になっても～|スーパーヒーロー|青春ゾンビィィズ|朝顔|23回目のサマーナイト|summer dejavu|仮契約のシンデレラ|揚げろ!エビフライ|MISSION SURVIVOR|YELL|なないろ|感情電車|ヘロー|ハイタテキ!|さよなら秘密基地|ポップコーントーン|Family Complex,DRAMA QUEEN|紅の詩|COLOR
637,0,2025/08/09,LuckyFes’25,フェス,茨城県,国営ひたち海浜公園,仮契約のシンデレラ@with オズワルド|PANDORA|放課後ゲタ箱ロッケンロールMX|あたしきっと無限ルーパー|MISSION SURVIVOR|青春ゾンビィィズ|YELL,
636,5,2025/08/08,Jember Fashion Carnaval 2025,ソロ,インドネシア,,Bobby makes you smile!,
635,0,2025/08/02,TOKYO IDOL FESTIVAL 2025,フェス,東京都,お台場・青海周辺エリア,ちちんぷい|ラブリースマイリーベイビー|YELL|仮契約のシンデレラ|HOT UP!!!|えびぞりダイアモンド!!,
634,0,2025/07/22,テレビ朝日・SUMMER FES 音楽LIVE,フェス,東京都,六本木ヒルズアリーナ,金八DANCE MUSIC|放課後ゲタ箱ロッケンロールMX|ちちんぷい|えびぞりダイアモンド!!|新未来センセーション|ザ・ティッシュ～とまらない青春～|ラブリースマイリーベイビー|夏だぜジョニー|青春ゾンビィィズ|MISSION SURVIVOR,
633,defgh,2025/07/21,iLiVE! SUMMER -いくぞッ！武道館SP-,,東京都,立川ステージガーデン,ラブリースマイリーベイビー|オーマイゴースト?～わたしが悪霊になっても～|売れたいエモーション!|春休みモラトリアム中学生|仮契約のシンデレラ,
632,5,2025/07/10,安本彩花生誕ソロライブ「安安2025今宵はAYAKAtuneでパーリーナイトsupported by DJ YASUMOTO」,生誕|ソロ,大阪府,BIGCAT,仮契約のシンデレラ|金八DANCE MUSIC//トーキョーズ・ウェイ！//イヤフォン・ライオット//王様の耳はパンの耳|夢の続き…|Dear|future|メロディー / 玉置浩二|新大陸|参枚目のタフガキ|未確認中学生X|小さな戦士|またあえるかな|チャイム!,スーパーヒーロー（安本彩花）|感情電車|TSUBOMI
631,0,2025/06/29,新体制始業式「GOLDEN EIGHT ―new again―」,,千葉県,幕張メッセ イベントホール,金八DANCE MUSIC|Knock You Out!|新未来センセーション|EBINOMICS|あたしきっと無限ルーパー|はみだせGirls|仮契約のシンデレラ|明日@真山りか・安本彩花|王様の耳はパンの耳@桜木心菜・小久保柚乃・風見和香|すたーてぃん@桜井えま・仲村悠菜|靴紐とファンファーレ|SCHOOL DAYS|シングルTONEでお願い//トレンディガール//愛のレンタル//SHAKE! SHAKE!|PANDORA|放課後ゲタ箱ロッケンロールMX|HOT UP!!!|日進月歩|もっと走れっ!!|ジャンプ,U.B.U.|ザ・ティッシュ～とまらない青春～|永遠に中学生
630,0,2025/06/28,小林歌穂卒業式「ぽ～EVER ―消えない落書き―」,,千葉県,幕張メッセ イベントホール,SHAKE! SHAKE!|ちちんぷい|自由へ道連れ|EBINOMICS|キングオブ学芸会のテーマ～Nu Skool Teenage Riot～|Family Complex|サドンデス|フレ!フレ!サイリウム|イエローライト|ポップコーントーン|星の数え方|なないろ|スーパーヒーロー|まっすぐ|ジャンプ|君のそーゆーとこ@小林歌穂・中山莉子|バタフライエフェクト|幸せの貼り紙はいつも背中に|YELL|感情電車,イート・ザ・大目玉|HOT UP!!!|シンガロン・シンガソン|SCHOOL DAYS|響
629,0,2025/06/21,岩井 狩野 えびちゅうの推しかるちゃー in ちゃやまち推しフェスティバル,,大阪府,梅田芸術劇場メインホール,仮契約のシンデレラ|売れたいエモーション!|君のことが好きやけん / YOASOBI@真山りか・風見和香・仲村悠菜|サインはB / B小町@安本彩花・中山莉子・桜井えま|翼をください / 赤い鳥@桜木心菜・小久保柚乃・狩野英孝|YELL|感情電車,
628,5,2025/06/16,安本彩花生誕ソロライブ「安安2025今宵はAYAKAtuneでパーリーナイトsupported by DJ YASUMOTO」,生誕|ソロ,神奈川県,KT Zepp Yokohama,仮契約のシンデレラ|金八DANCE MUSIC//トーキョーズ・ウェイ！//イヤフォン・ライオット//王様の耳はパンの耳|恋の感覚|future|メロディー / 玉置浩二|新大陸|参枚目のタフガキ|未確認中学生X|小さな戦士|またあえるかな|チャイム!|夢の続き…,カレーライス|感情電車|TSUBOMI
627,b,2025/06/12,小林歌穂生誕ソロライブ「ぽーランド10!!!!!!!!!!」,生誕|ソロ,東京都,Zepp Shinjuku,23回目のサマーナイト|青い青い星の名前|面皰|曇天|日記@with 吉澤嘉代子|感情電車//ハッピーエンドとそれから//結ばれた想い//宇宙は砂時計|サーカスナイト / 七尾旅人|声 / majiko|龍 / 岡崎体育|愛の讃歌 / 越路吹雪|ちがうの|PLAYBACK,ぐらりぐら想い|自由へ道連れ
626,h,2025/05/30,仲村悠菜生誕ソロライブ「純喫茶ミルクティー～3杯目～」,生誕|ソロ,東京都,Zepp Shinjuku,ザ・ティッシュ～とまらない青春～|売れたいエモーション!|大きな愛でもてなして / ℃-ute|どしゃぶりリグレット|アンコールの恋|神さまの言うとおり|ちがうの|ポップコーントーン|チャイム!|君のことが好きやけん / HKT48,さよなら秘密基地|スターダストライト
625,0,2025/05/18,小林歌穂プロデュース公演〜私のわがままを聴いておくれミニツアー〜,春ツアー,東京都,Kanadevia Hall,"中人DANCE MUSIC|仮契約のシンデレラ|大漁恵比寿節|買い物しようと町田へ|参枚目のタフガキ|MISSION SURVIVOR|フォーエバー中坊|藍色のMonday|新・青春そのもの@真山りか・桜木心菜・小久保柚乃・風見和香|たそがれシアター@安本彩花・小林歌穂・中山莉子|光年の愛@桜井えま・仲村悠菜|宇宙戦争宣戦布告@真山りか・小林歌穂|踊るロクデナシ|明日もきっと70点|I'll be here|PANDORA|Anytime, Anywhere|シュガーグレーズ|トーキョーズ・ウェイ！|Knock You Out!",チュパカブラ
624,0,2025/05/11,小林歌穂プロデュース公演〜私のわがままを聴いておくれミニツアー〜,春ツアー,愛知県,Niterra日本特殊陶業市民会館 フォレストホール,"中人DANCE MUSIC|誘惑したいや|大漁恵比寿節|買い物しようと町田へ|参枚目のタフガキ|MISSION SURVIVOR|フォーエバー中坊|春の嵐|Another Day@小林歌穂・風見和香・仲村悠菜|アンコールの恋@真山りか・安本彩花・小久保柚乃|でかどんでん@小林歌穂・中山莉子・桜木心菜・桜木えま|宇宙戦争宣戦布告@真山りか・小林歌穂|踊るロクデナシ|明日もきっと70点|I'll be here|PANDORA|Anytime, Anywhere|シュガーグレーズ|トーキョーズ・ウェイ！|Knock You Out!",チュパカブラ
623,0,2025/05/05,小林歌穂プロデュース公演〜私のわがままを聴いておくれミニツアー〜,春ツアー,大阪府,NHK大阪ホール,"中人DANCE MUSIC|仮契約のシンデレラ|大漁恵比寿節|買い物しようと町田へ|参枚目のタフガキ|MISSION SURVIVOR|フォーエバー中坊|藍色のMonday|コミックガール@小林歌穂・桜木心菜・小久保柚乃・桜井えま|コミックガール@小林歌穂・桜木心菜・小久保柚乃・桜井えま|これでいいのだ!@安本彩花・小林歌穂・風見和香|宇宙戦争宣戦布告@真山りか・小林歌穂|踊るロクデナシ|明日もきっと70点|I'll be here|PANDORA|Anytime, Anywhere|シュガーグレーズ|トーキョーズ・ウェイ！|Knock You Out!",チュパカブラ
622,0,2025/05/01,埼玉 MUSIC&FOOD FESTIVAL,フェス,埼玉県,川口総合文化センター メインホール,Bang Bang Beat|仮契約のシンデレラ|トーキョーズ・ウェイ！|TWINKLE WINK,
621,0,2025/05/01,埼玉 MUSIC&FOOD FESTIVAL,フェス,埼玉県,川口総合文化センター メインホール,えびぞりダイアモンド!!|トキメキ的週末論|SCHOOL DAYS|仮契約のシンデレラ,
620,e,2025/04/03,小久保柚乃生誕ソロライブ「炭素。」,生誕|ソロ,東京都,Zepp Shinjuku,えびぞりダイアモンド!!|青春ゾンビィィズ|サラバかな '23 / BiSH|二十九、三十 / クリープハイプ|さよなら秘密基地|ソラシド～ねえねえ～ / Bouno!|新未来センセーション|テブラデスキー～青春リバティ～|エンジョイ人生 / チームしゃちほこ,ザ・ティッシュ～とまらない青春～|イヤフォン・ライオット|明日もきっと70点
619,0,2025/03/20,私立恵比寿中学 15th Anniversary 大学芸会2025～LOVE&BRAVE～,,埼玉県,さいたまスーパーアリーナ,サドンデス|イート・ザ・大目玉|キングオブ学芸会のテーマ～Nu Skool Teenage Riot～|シンガロン・シンガソン|未確認中学生X|ラブリースマイリーベイビー|オメカシ・フィーバー|すたーてぃん@桜井えま・仲村悠菜|王様の耳はパンの耳@桜木心菜・小久保柚乃・風見和香|君のそーゆーとこ@小林歌穂・中山莉子|明日@真山りか・安本彩花|えびぞりダイアモンド!!|チャイム!|売れたいエモーション!|仮契約のシンデレラ|靴紐とファンファーレ|手をつなごう|フレ!フレ!サイリウム|星の数え方|感情電車|TWINKLE WINK|YELL|SCHOOL DAYS,未確認中学生X & 仮契約のシンデレラ REMIX|ボイジャー|なないろ|青い青い星の名前
618,0,2025/03/09,ROAD TO SAITAMAフリーライブツアー,,愛知県,ららぽーと名古屋みなとアクルス,ハイタテキ!|SCHOOL DAYS|仮契約のシンデレラ|シンガロン・シンガソン|スターダストライト,
617,0,2025/02/23,関内デビルフェスティヴォ～,,神奈川県,神奈川県民ホール 大ホール,禁断のカルマ|トキメキ的週末論|バタフライエフェクト|TWINKLE WINK|イエローライト|シンガロン・シンガソン|SCHOOL DAYS|仮契約のシンデレラ,
616,0,2025/02/22,ROAD TO SAITAMAフリーライブツアー,,埼玉県,イオンレイクタウンkaze1階 光の広場,売れたいエモーション!|仮契約のシンデレラ|SCHOOL DAYS|イヤフォン・ライオット|Go!Go!Here We Go!ロック・リー,
615,0,2025/01/04,ROAD TO SAITAMAフリーライブツアー,,兵庫県,神戸ハーバーランド スペースシアター,シンガロン・シンガソン|バタフライエフェクト|YELL|TWINKLE WINK|仮契約のシンデレラ,
614,0,2024/12/31,第8回 ももいろ歌合戦,,東京都,日本武道館,スーパーヒーロー,
613,0,2024/12/29,東芝ブレイブルーパス東京のホストゲーム・ミニライブ,,東京都,味の素スタジアム,ちちんぷい|シンガロン・シンガソン,
612,0,2024/12/27,川口オートレース・スーパースターターフェス2024,,埼玉県,川口オートレース場 イベントホール,シンガロン・シンガソン|Bang Bang Beat|仮契約のシンデレラ,
611,0,2024/12/27,川口オートレース・スーパースターターフェス2024,,埼玉県,川口オートレース場 イベントホール,仮契約のシンデレラ|Bang Bang Beat|イヤフォン・ライオット,
610,3,2024/12/16,真山りか生誕ソロライブ「まやまにあ-Level.9-」,生誕|ソロ,東京都,Zepp Shinjuku,歌舞伎町の女王 / 椎名林檎|愛のレンタル|BLUE DIZZINESS|Shen-Shen-Passion Night|老醜ブレイカー|曇天|誘惑したいや@acoustic ver.|Liar Mask@Pf ver.|蜃気楼|星座になれたら / 結束バンド|Drama Queen|自由へ道連れ|春の嵐,青春ゾンビィィズ|COLOR
609,0,2024/12/14,私立恵比寿中学 クリスマス学芸会2024Twinkle Twinkle ebiiiiiiiiii Star,,東京都,J:COMホール八王子,Thanks! Merry Christmas K|ハイタテキ!|トキメキ的週末論|イヤフォン・ライオット|きっとインフィニティー!|シンガロン・シンガソン|大好きだよ@小林歌穂・風見和香|そろそろくるぞ@小久保柚乃・仲村悠菜|アパレルダーV@中山莉子・桜井えま|中目黒の冬風・・・NAMIDA@真山りか・桜木心菜|キラキラネスキラネス@安本彩花|イエローライト|CRYSTAL DROP|全力☆ランナー|フユコイ|ナガレボシ|靴紐とファンファーレ|あたしきっと無限ルーパー|HOT UP!!!|YELL|TWINKLE WINK,えびぞりダイアモンド!!|こりゃめでてぇな|仮契約のシンデレラ|スターダストライト
608,0,2024/11/25,ライブナタリー でんぱ組.inc × 私立恵比寿中学 ～ヘロー！ウェルカム！踊るでんぱえび共和国～,対バン,神奈川県,KT Zepp Yokohama,仮契約のシンデレラ|Knock You Out!|ハイタテキ!|Go!Go!Here We Go!ロック・リー|BLUE DIZZINESS|夏だぜジョニー|冬へと走り出すお! / でんぱ組.inc@真山りか・安本彩花・中山莉子・桜木心菜・風見和香|梅|ちちんぷい|ヘロー|スーパーヒーロー,
607,0,2024/11/23,STARDUST THE PARTY 2024〜THIS IS #スタパ：学年別歌合戦！〜,,神奈川県,横浜BUNTAI,放課後ゲタ箱ロッケンロールMX|星の数え方@星名美怜・大黒・咲良・秋本(97年度生まれ)|頑張ってる途中(小久保柚乃・…(選抜))|スターダストライト,
606,0,2024/11/23,STARDUST THE PARTY 2024〜沼れ！スタダソング：スタパ的MBTI診断〜,,神奈川県,横浜BUNTAI,スーパーヒーロー|愛のレンタル(仲村・(ISFP(冒険者)))|シンガロン・シンガソン(安本彩花・風見和香・桜井えま・(ENFT(主人公))),
605,0,2024/11/22,STARDUST THE PARTY 2024〜最上級にみんな♡なかよし：あっぱれ どうぶつの林〜,,神奈川県,横浜BUNTAI,禁断のカルマ@星名美怜・…(猫)|CRYSTAL DROP@桜木心菜・…(虎)|未確認中学生X,
604,0,2024/11/16,私立恵比寿中学秋田分校FINAL～フィナーレはいつも笑顔で～,秋田分校,秋田県,あきた芸術劇場ミルハス 大ホール,イート・ザ・大目玉|Knock You Out!|BLUE DIZZINESS|トーキョーズ・ウェイ！|きゅるん|ヘロー|Go!Go!Here We Go!ロック・リー|春休みモラトリアム中学生|HOT UP!!!|頑張ってる途中|イヤフォン・ライオット|響|スーパーヒーロー |MISSION SURVIVOR,
603,0,2024/11/10,洗足学園フェスティバル2024,,神奈川県,洗足学園 前田ホール,トレンディガール|ちがうの|さよなら秘密基地|朝顔|ハッピーエンドとそれから|ハイタテキ!|イヤフォン・ライオット|ジャンプ|TWINKLE WINK,未確認中学生X|感情電車
602,7,2024/10/30,星名美怜生誕ソロライブ「PINK DOLL HOUSE:7」,生誕|ソロ,東京都,Zepp Shinjuku,キャンディロッガー|シンガロン・シンガソン|オメカシ・フィーバー|君に夢中 / 宇多田ヒカル|宇宙は砂時計|BLUE DIZZINESS|参枚目のタフガキ|PANDORA,Bang Bang Beat|キミに39
601,c,2024/10/29,中山莉子生誕ソロライブ「中山莉子の生誕祭。」,生誕|ソロ,東京都,Zepp Shinjuku,ラブリースマイリーベイビー|ハイタテキ!|仮契約のシンデレラ|ちちんぷい|なんてったってアイドル / 小泉今日子|最強の推し! / 鈴木愛理|走れ! / ももいろクローバーZ|Family Complex|オメカシ・フィーバー|MISSION SURVIVOR,HOT UP!!!|永遠に中学生
600,0,2024/10/26,サンロッカーズ渋谷 vs 京都ハンナリーズ戦ハーフタイムショー,,東京都,青山学院記念館,BUZZER BEATER|未確認中学生X,
599,0,2024/10/05,私立恵比寿中学 仲秋音楽祭 題して「ちゅうおん」2024,ちゅうおん,埼玉県,秩父ミューズパーク 野外ステージ,きらり / 藤井 風|愛のレンタル|SHAKE! SHAKE!|U.B.U.|紅の詩|KANSHAして / SMAP|踊るロクデナシ|キャンディロッガー|お願いジーザス|真夏の夜の夢@小林歌穂 / 松任谷由実|スイミング@小久保柚乃 / 深田恭子|すばらしい日々@中山莉子 / ユニコーン|東京フラッシュ@桜井えま / Vaundy|君に夢中@星名美怜 / 宇多田ヒカル|悲しみの果て@桜木心菜 / エレファントカシマシ|心を開いて@風見和香 / ZARD|SUMMER SONG@仲村悠菜 / YUI|アボカド@真山りか / yonige|パラシューター@安本彩花 / Folder|さよならばいばいまたあした|CRYSTAL DROP|シングルTONEでお願い|トキメキ的週末論|ポップコーントーン|若者のすべて / フジファブリック,
598,0,2024/10/05,私立恵比寿中学 仲秋音楽祭 題して「ちゅうおん」2024,ちゅうおん,埼玉県,秩父ミューズパーク 野外ステージ,きらり / 藤井 風|愛のレンタル|SHAKE! SHAKE!|U.B.U.|紅の詩|KANSHAして / SMAP|踊るロクデナシ|キャンディロッガー|お願いジーザス|真夏の夜の夢@小林歌穂 / 松任谷由実|スイミング@小久保柚乃 / 深田恭子|すばらしい日々@中山莉子 / ユニコーン|東京フラッシュ@桜井えま / Vaundy|君に夢中@星名美怜 / 宇多田ヒカル|悲しみの果て@桜木心菜 / エレファントカシマシ|心を開いて@風見和香 / ZARD|SUMMER SONG@仲村悠菜 / YUI|アボカド@真山りか / yonige|パラシューター@安本彩花 / Folder|フユコイ|CRYSTAL DROP|宇宙は砂時計|トキメキ的週末論|ヘロー|若者のすべて / フジファブリック,
597,0,2024/09/27,「放課後ロッケンロール -HYPER-」VS さらば青春の光,対バン,東京都,Zepp Haneda,放課後ゲタ箱ロッケンロールMX|青春ゾンビィィズ|紅の詩|オメカシ・フィーバー|キングオブ学芸会のテーマ～Nu Skool Teenage Riot～|トーキョーズ・ウェイ！|キャンディロッガー|EBINOMICS|TWINKLE WINK|ゼッテーアナーキー|イート・ザ・大目玉|シンガロン・シンガソン|永遠に中学生,
596,0,2024/09/26,「放課後ロッケンロール -HYPER-」VS edhiii boi / SARUKANI,対バン,東京都,Zepp Haneda,"Knock You Out!|パクチー|Bang Bang Beat|いろはにODORYANSE|ちちんぷい|梅|自由へ道連れ|でかどんでん|熟女になっても|Anytime, Anywhere|イヤフォン・ライオット|スーパーヒーロー |仮契約のシンデレラ",
595,0,2024/09/22,秋田CARAVAN MUSIC FES 2024,フェス,秋田県,二ツ井中央公園,Family Complex|仮契約のシンデレラ|宇宙は砂時計|ハッピーエンドとそれから|いろはにODORYANSE|MISSION SURVIVOR|新未来センセーション|トーキョーズ・ウェイ！|YELL,
594,d,2024/09/17,桜木心菜生誕ソロライブ「桜木NightProm～3rd night～」,生誕|ソロ,東京都,Zepp Shinjuku,キャンディロッガー|トキメキ的週末論|BONBON GiRL / SARM|レディ・メイ / ももいろクローバーZ|B級 / ちゃんみな|いろはにODORYANSE|売れたいエモーション!|アンコールの恋,ツッパリHigh School Rock'n Roll / 横浜銀蝿|喧嘩上等 / 氣志團|熟女になっても
593,0,2024/09/16,@JAM EXPO 2024 supported by UP-T,フェス,神奈川県,横浜アリーナ,Knock You Out!|仮契約のシンデレラ|いろはにODORYANSE|HOT UP!!!|TWINKLE WINK|未確認中学生X,
592,bc,2024/09/14,カホリコ加入10周年ライブ「それみろ！カホリコ～レンコンと天丼から10年～」,,東京都,J:COMホール八王子,"バタフライエフェクト|ハイタテキ!|きっとインフィニティー!|でかどんでん|アンコールの恋|星の数え方|PLAYBACK|日記|ぐらりぐら想い@小林歌穂|ペコペコリーヌ@中山莉子|大漁恵比寿節//オメカシ・フィーバー//青い青い星の名前//感情電車//ちがうの//あなたのダンスで騒がしい//SHAKE! SHAKE!//制服""報連相""ファンク//EBINOMICS//Lon de Don","友情ラブレター|YELL|Anytime, Anywhere"
591,g,2024/09/11,月刊偶像「believe feat. 桜井えま(私立恵比寿中学)」発売記念リリースイベント,ソロ,東京都,タワーレコード錦糸町パルコ店,believe feat. 桜井えま(私立恵比寿中学),
590,g,2024/09/05,桜井えま生誕ソロライブ「はにーえまいる～沼2～」,生誕|ソロ,神奈川県,KT Zepp Yokohama,仮契約のシンデレラ|金八DANCE MUSIC|きっとインフィニティー!|結ばれた想い|僕らの未来計画 / 703号室|You're My Only Shinin' Star /青山テルマ|どんなときも。 / 井上苑子|春休みモラトリアム中学生|イート・ザ・大目玉,believe feat. 桜井えま(私立恵比寿中学) |フレ!フレ!サイリウム
589,f,2024/09/04,風見和香生誕ソロライブ「ののかまると犬の散歩～すくすく成長中～」,生誕|ソロ,神奈川県,KT Zepp Yokohama,Go!Go!Here We Go!ロック・リー|使ってポートフォリオ|スウィーテスト・多忙。|17才 / 南沙織|変わらないもの/ 奥華子|晩餐歌 / tuki.|あたしきっと無限ルーパー|結果オーライ|お願いジーザス|ポップコーントーン,チュパカブラ|また明日
588,0,2024/08/18,えびちゅう 夏のファミリー遠足 略してファミえん in 山中湖2024,ファミえん,山梨県,山中湖交流プラザきらら シアターひびき,ラブリースマイリーベイビー|青春ゾンビィィズ|YELL|ほぼブラジル|マブいラガタイフーン|ちちんぷい|Family Complex|TWINKLE WINK|きゅるん|R-O-B-O-C-K|全力☆ランナー|誘惑したいや|はみだせGirls|オメカシ・フィーバー|HOT UP!!!|MISSION SURVIVOR|青い青い星の名前|いろはにODORYANSE|ナチュメロらんでぶー,Knock You Out!|Go!Go!Here We Go!ロック・リー|自由へ道連れ|感情電車
587,0,2024/08/17,えびちゅう 夏のファミリー遠足 略してファミえん in 山中湖2024,ファミえん,山梨県,山中湖交流プラザきらら シアターひびき,ラブリースマイリーベイビー|青春ゾンビィィズ|YELL|ほぼブラジル|マブいラガタイフーン|CHAN-CHARA-CHAN|Family Complex|TWINKLE WINK|きゅるん|R-O-B-O-C-K|全力☆ランナー|誘惑したいや|はみだせGirls|オメカシ・フィーバー|HOT UP!!!|MISSION SURVIVOR|summer dejavu|いろはにODORYANSE|23回目のサマーナイト,Knock You Out!|イート・ザ・大目玉|Bang Bang Beat|BLUE DIZZINESS
586,0,2024/08/04,私立恵比寿中学 結成15周年記念イベント「えびちゅう夏祭り」,,東京都,西武新宿PePe前広場,Knock You Out!|MISSION SURVIVOR|えびぞりダイアモンド!!|トーキョーズ・ウェイ！|ラブリースマイリーベイビー|永遠に中学生,
585,0,2024/08/03,TOKYO IDOL FESTIVAL 2024,フェス,東京都,お台場・青海周辺エリア,Knock You Out!|揚げろ!エビフライ|ラブリースマイリーベイビー|YELL|CHAN-CHARA-CHAN|ナチュメロらんでぶー,
584,357bc,2024/08/03,TOKYO IDOL FESTIVAL 2024,フェス,東京都,お台場・青海周辺エリア,えびぞりダイアモンド!!|愛のレンタル|熟女になっても|HOT UP!!!,
583,defgh,2024/08/03,TOKYO IDOL FESTIVAL 2024,フェス,東京都,お台場・青海周辺エリア,ダイビング|エビ中一週間|ザ・ティッシュ～とまらない青春～|大人はわかってくれない,
582,0,2024/07/28,私立恵比寿中学 15th Anniversary Tour 2024 ～the other side of indigo hour～,春ツアー,大阪府,NHK大阪ホール,"Knock You Out!|BLUE DIZZINESS|TWINKLE WINK|制服""報連相""ファンク|EBINOMICS|青春ゾンビィィズ|響|全力☆ランナー|キングオブ学芸会のテーマ～Nu Skool Teenage Riot～|踊るガリ勉中学生|テブラデスキー～青春リバティ～|STAY POP@桜木心菜・小久保柚乃・風見和香・桜井えま・仲村悠菜|kyo-do?|I'll be here|Summer Glitter|CRYSTAL DROP|Hello another world@真山りか・安本彩花・星名美怜・小林歌穂・中山莉子|DRAMA QUEEN|HOT UP!!!|ゼッテーアナーキー|トーキョーズ・ウェイ！",まっすぐ|ラブリースマイリーベイビー
581,0,2024/07/27,私立恵比寿中学 15th Anniversary Tour 2024 ～the other side of indigo hour～,春ツアー,大阪府,NHK大阪ホール,"Knock You Out!|BLUE DIZZINESS|TWINKLE WINK|制服""報連相""ファンク|EBINOMICS|青春ゾンビィィズ|響|全力☆ランナー|キングオブ学芸会のテーマ～Nu Skool Teenage Riot～|踊るガリ勉中学生|テブラデスキー～青春リバティ～|STAY POP@桜木心菜・小久保柚乃・風見和香・桜井えま・仲村悠菜|kyo-do?|I'll be here|Summer Glitter|CRYSTAL DROP|Hello another world@真山りか・安本彩花・星名美怜・小林歌穂・中山莉子|DRAMA QUEEN|HOT UP!!!|ゼッテーアナーキー|トーキョーズ・ウェイ！",禁断のカルマ|フレ!フレ!サイリウム
580,0,2024/07/21,私立恵比寿中学 15th Anniversary Tour 2024 ～the other side of indigo hour～,春ツアー,東京都,TOKYO DOME CITY HALL,"Knock You Out!|BLUE DIZZINESS|TWINKLE WINK|制服""報連相""ファンク|EBINOMICS|青春ゾンビィィズ|響|全力☆ランナー|キングオブ学芸会のテーマ～Nu Skool Teenage Riot～|踊るガリ勉中学生|テブラデスキー～青春リバティ～|STAY POP@桜木心菜・小久保柚乃・風見和香・桜井えま・仲村悠菜|kyo-do?|I'll be here|Summer Glitter|CRYSTAL DROP|Hello another world@真山りか・安本彩花・星名美怜・小林歌穂・中山莉子|DRAMA QUEEN|HOT UP!!!|ゼッテーアナーキー|トーキョーズ・ウェイ！",オーマイゴースト?～わたしが悪霊になっても～|あたしきっと無限ルーパー
579,0,2024/07/15,私立恵比寿中学 15th Anniversary Tour 2024 ～the other side of indigo hour～,春ツアー,栃木県,大正堂くろいそみるひぃホール 大ホール,"Knock You Out!|BLUE DIZZINESS|TWINKLE WINK|制服""報連相""ファンク|EBINOMICS|青春ゾンビィィズ|響|全力☆ランナー|キングオブ学芸会のテーマ～Nu Skool Teenage Riot～|踊るガリ勉中学生|テブラデスキー～青春リバティ～|STAY POP@桜木心菜・小久保柚乃・風見和香・桜井えま・仲村悠菜|kyo-do?|I'll be here|Summer Glitter|CRYSTAL DROP|Hello another world@真山りか・安本彩花・星名美怜・小林歌穂・中山莉子|DRAMA QUEEN|HOT UP!!!|ゼッテーアナーキー|トーキョーズ・ウェイ！","Anytime, Anywhere|なないろ"
578,0,2024/07/14,木に梨はなる 真夏の大収穫祭2024 ～みんなのアートミュージック～,,東京都,TOKYO DOME CITY HALL,YELL|BLUE DIZZINESS,
577,0,2024/07/13,LuckyFes’24,フェス,茨城県,国営ひたち海浜公園,Knock You Out!|青春ゾンビィィズ|青い青い星の名前|ラブリースマイリーベイビー|仮契約のシンデレラ|紅の詩,
576,0,2024/07/06,私立恵比寿中学 15th Anniversary Tour 2024 ～the other side of indigo hour～,春ツアー,台湾,Legacy Taipei,"Knock You Out!|BLUE DIZZINESS|TWINKLE WINK|制服""報連相""ファンク|EBINOMICS|青春ゾンビィィズ|響|誘惑したいや|DRAMA QUEEN|CRYSTAL DROP|Hello another world@真山りか・安本彩花・星名美怜・小林歌穂・中山莉子|STAY POP@桜木心菜・小久保柚乃・風見和香・桜井えま・仲村悠菜|kyo-do?|I'll be here|Summer Glitter|ナチュメロらんでぶー|揚げろ!エビフライ|ラブリースマイリーベイビー|HOT UP!!!|ゼッテーアナーキー|トーキョーズ・ウェイ！",放課後ゲタ箱ロッケンロールMX|サドンデス
575,5,2024/06/26,安本彩花生誕ソロライブ「お手製メニュー豊富に取り揃えてます。味わいの宝庫『#安安』」,生誕|ソロ,神奈川県,KT Zepp Yokohama,でかどんでん|カレーライス|恋の感覚|Dear|新大陸|future|チャイム!//ラブリースマイリーベイビー//ちちんぷい//ナチュメロらんでぶー//MISSION SURVIVOR//HOT UP!!!|愛しい人 / SUPER BEAVER|君のままで|青空gift|（安本彩花）,春の嵐|TSUBOMI|君に届くかな…
574,5,2024/06/18,安本彩花生誕ソロライブ「お手製メニュー豊富に取り揃えてます。味わいの宝庫『#安安』」,生誕|ソロ,愛知県,ダイアモンドホール,でかどんでん|カレーライス|恋の感覚|Dear|新大陸|future|チャイム!//ラブリースマイリーベイビー//ちちんぷい//ナチュメロらんでぶー//MISSION SURVIVOR//HOT UP!!!|愛しい人 / SUPER BEAVER|君のままで|呼吸|スーパーヒーロー（安本彩花）,BLUE DIZZINESS|TSUBOMI|君に届くかな…
573,5,2024/06/17,安本彩花生誕ソロライブ「お手製メニュー豊富に取り揃えてます。味わいの宝庫『#安安』」,生誕|ソロ,大阪府,BIGCAT,でかどんでん|カレーライス|恋の感覚|Dear|新大陸|future|チャイム!//ラブリースマイリーベイビー//ちちんぷい//ナチュメロらんでぶー//MISSION SURVIVOR//HOT UP!!!|愛しい人 / SUPER BEAVER|君のままで|小さな戦士|スーパーヒーロー（安本彩花）,宇宙は砂時計|TSUBOMI|君に届くかな…
572,0,2024/06/16,私立恵比寿中学 15th Anniversary Tour 2024 ～the other side of indigo hour～,春ツアー,東京都,NHKホール,"Knock You Out!|BLUE DIZZINESS|TWINKLE WINK|制服""報連相""ファンク|EBINOMICS|青春ゾンビィィズ|響|全力☆ランナー|キングオブ学芸会のテーマ～Nu Skool Teenage Riot～|踊るガリ勉中学生|テブラデスキー～青春リバティ～|STAY POP@桜木心菜・小久保柚乃・風見和香・桜井えま・仲村悠菜|kyo-do?|I'll be here|Summer Glitter|CRYSTAL DROP|Hello another world@真山りか・安本彩花・星名美怜・小林歌穂・中山莉子|DRAMA QUEEN|HOT UP!!!|ゼッテーアナーキー|トーキョーズ・ウェイ！",君のままで|シンガロン・シンガソン
571,0,2024/06/15,私立恵比寿中学 15th Anniversary Tour 2024 ～the other side of indigo hour～,春ツアー,茨城県,水戸市民会館 グロービスホール,"Knock You Out!|BLUE DIZZINESS|TWINKLE WINK|制服""報連相""ファンク|EBINOMICS|青春ゾンビィィズ|響|全力☆ランナー|キングオブ学芸会のテーマ～Nu Skool Teenage Riot～|踊るガリ勉中学生|テブラデスキー～青春リバティ～|STAY POP@桜木心菜・小久保柚乃・風見和香・桜井えま・仲村悠菜|kyo-do?|I'll be here|Summer Glitter|CRYSTAL DROP|Hello another world@真山りか・安本彩花・星名美怜・小林歌穂・中山莉子|DRAMA QUEEN|HOT UP!!!|ゼッテーアナーキー|トーキョーズ・ウェイ！",きゅるん|YELL
570,b,2024/06/12,小林歌穂生誕ソロライブ「ぽーランド9!!!!!!!!!」,生誕|ソロ,神奈川県,KT Zepp Yokohama,ぐらりぐら想い|面皰|黒毛和牛上塩タン焼680円 / 大塚愛|ルージュの伝言 / 荒井由実|人魚 / NOKKO|年下の男の子 / キャンディーズ|ムーンライト伝説 / DALI|木枯しに抱かれて / 小泉今日子|日記|さよならの夏 ～コクリコ坂から～ / 手嶌葵|幸せの貼り紙はいつも背中に,ゼッテーアナーキー|ねえ中学生 / 吉澤嘉代子
569,0,2024/06/08,私立恵比寿中学 15th Anniversary Tour 2024 ～the other side of indigo hour～,春ツアー,愛知県,Niterra日本特殊陶業市民会館 フォレストホール,"Knock You Out!|BLUE DIZZINESS|TWINKLE WINK|制服""報連相""ファンク|EBINOMICS|青春ゾンビィィズ|響|全力☆ランナー|キングオブ学芸会のテーマ～Nu Skool Teenage Riot～|踊るガリ勉中学生|テブラデスキー～青春リバティ～|STAY POP@桜木心菜・小久保柚乃・風見和香・桜井えま・仲村悠菜|kyo-do?|I'll be here|Summer Glitter|CRYSTAL DROP|Hello another world@真山りか・安本彩花・星名美怜・小林歌穂・中山莉子|DRAMA QUEEN|HOT UP!!!|ゼッテーアナーキー|トーキョーズ・ウェイ！",キャンディロッガー|Go!Go!Here We Go!ロック・リー
568,0,2024/06/01,私立恵比寿中学 15th Anniversary Tour 2024 ～the other side of indigo hour～,春ツアー,北海道,札幌文化芸術劇場 hitaru,"Knock You Out!|BLUE DIZZINESS|TWINKLE WINK|制服""報連相""ファンク|EBINOMICS|青春ゾンビィィズ|響|全力☆ランナー|キングオブ学芸会のテーマ～Nu Skool Teenage Riot～|踊るガリ勉中学生|テブラデスキー～青春リバティ～|STAY POP@桜木心菜・小久保柚乃・風見和香・桜井えま・仲村悠菜|kyo-do?|I'll be here|Summer Glitter|CRYSTAL DROP|Hello another world@真山りか・安本彩花・星名美怜・小林歌穂・中山莉子|DRAMA QUEEN|HOT UP!!!|ゼッテーアナーキー|トーキョーズ・ウェイ！",紅の詩|スーパーヒーロー
567,h,2024/05/29,仲村悠菜生誕ソロライブ「純喫茶ミルクティー～2杯目～」,生誕|ソロ,神奈川県,KT Zepp Yokohama,梅|ザ・ティッシュ～とまらない青春～|大好きだよ|エビ中一週間//結果オーライ//サクラ・ゴーラウンド//I can't stop the loneliness//R-O-B-O-C-K//イイトモ//キラキラネスキラネス//スウィーテスト・多忙。//マブいラガタイフーン//踊るロクデナシ//こりゃめでてぇな|フロントメモリー / 鈴木瑛美子×亀田誠治|KissHug / aiko|I'm your MANAGER!!!|誘惑したいや|PLAYBACK,朝顔|スターダストライト
566,0,2024/05/26,私立恵比寿中学 15th Anniversary Tour 2024 ～the other side of indigo hour～,春ツアー,神奈川県,カルッツかわさき,"Knock You Out!|BLUE DIZZINESS|TWINKLE WINK|制服""報連相""ファンク|EBINOMICS|青春ゾンビィィズ|響|全力☆ランナー|キングオブ学芸会のテーマ～Nu Skool Teenage Riot～|踊るガリ勉中学生|テブラデスキー～青春リバティ～|STAY POP@桜木心菜・小久保柚乃・風見和香・桜井えま・仲村悠菜|kyo-do?|I'll be here|Summer Glitter|CRYSTAL DROP|Hello another world@真山りか・安本彩花・星名美怜・小林歌穂・中山莉子|DRAMA QUEEN|HOT UP!!!|ゼッテーアナーキー|トーキョーズ・ウェイ！",イヤフォン・ライオット|バタフライエフェクト
565,0,2024/05/25,私立恵比寿中学 15th Anniversary Tour 2024 ～the other side of indigo hour～,春ツアー,新潟県,新潟テルサ,"Knock You Out!|BLUE DIZZINESS|TWINKLE WINK|制服""報連相""ファンク|EBINOMICS|青春ゾンビィィズ|響|全力☆ランナー|キングオブ学芸会のテーマ～Nu Skool Teenage Riot～|踊るガリ勉中学生|テブラデスキー～青春リバティ～|STAY POP@桜木心菜・小久保柚乃・風見和香・桜井えま・仲村悠菜|kyo-do?|I'll be here|Summer Glitter|CRYSTAL DROP|Hello another world@真山りか・安本彩花・星名美怜・小林歌穂・中山莉子|DRAMA QUEEN|HOT UP!!!|ゼッテーアナーキー|トーキョーズ・ウェイ！",大人はわかってくれない|イート・ザ・大目玉
564,0,2024/05/12,私立恵比寿中学 15th Anniversary Tour 2024 ～the other side of indigo hour～,春ツアー,福岡県,福岡市民会館 大ホール,"Knock You Out!|BLUE DIZZINESS|TWINKLE WINK|制服""報連相""ファンク|EBINOMICS|青春ゾンビィィズ|響|全力☆ランナー|キングオブ学芸会のテーマ～Nu Skool Teenage Riot～|踊るガリ勉中学生|テブラデスキー～青春リバティ～|STAY POP@桜木心菜・小久保柚乃・風見和香・桜井えま・仲村悠菜|kyo-do?|I'll be here|Summer Glitter|CRYSTAL DROP|Hello another world@真山りか・安本彩花・星名美怜・小林歌穂・中山莉子|DRAMA QUEEN|HOT UP!!!|ゼッテーアナーキー|トーキョーズ・ウェイ！",ジブンアップデート|えびぞりダイアモンド!!
563,0,2024/05/04,「茨城ロボッツ ホームゲーム」LuckyFes Half Time Show,,茨城県,アダストリアみとアリーナ,BLUE DIZZINESS|YELL,
562,0,2024/04/29,私立恵比寿中学 15th Anniversary Tour 2024 ～the other side of indigo hour～,春ツアー,宮城県,仙台銀行ホール イズミティ21 大ホール,"Knock You Out!|BLUE DIZZINESS|TWINKLE WINK|制服""報連相""ファンク|EBINOMICS|青春ゾンビィィズ|響|全力☆ランナー|キングオブ学芸会のテーマ～Nu Skool Teenage Riot～|踊るガリ勉中学生|テブラデスキー～青春リバティ～|STAY POP@桜木心菜・小久保柚乃・風見和香・桜井えま・仲村悠菜|kyo-do?|I'll be here|Summer Glitter|CRYSTAL DROP|Hello another world@真山りか・安本彩花・星名美怜・小林歌穂・中山莉子|DRAMA QUEEN|HOT UP!!!|ゼッテーアナーキー|トーキョーズ・ウェイ！",春の嵐|梅
561,0,2024/04/21,私立恵比寿中学 15th Anniversary Tour 2024 ～the other side of indigo hour～,春ツアー,埼玉県,大宮ソニックシティ 大ホール,"Knock You Out!|BLUE DIZZINESS|TWINKLE WINK|制服""報連相""ファンク|EBINOMICS|青春ゾンビィィズ|響|全力☆ランナー|キングオブ学芸会のテーマ～Nu Skool Teenage Riot～|踊るガリ勉中学生|テブラデスキー～青春リバティ～|STAY POP@桜木心菜・小久保柚乃・風見和香・桜井えま・仲村悠菜|kyo-do?|I'll be here|Summer Glitter|CRYSTAL DROP|Hello another world@真山りか・安本彩花・星名美怜・小林歌穂・中山莉子|DRAMA QUEEN|HOT UP!!!|ゼッテーアナーキー|トーキョーズ・ウェイ！",SHAKE! SHAKE!|ハイタテキ!
560,0,2024/04/20,私立恵比寿中学 15th Anniversary Tour 2024 ～the other side of indigo hour～,春ツアー,千葉県,市川市文化会館 大ホール,"Knock You Out!|BLUE DIZZINESS|TWINKLE WINK|制服""報連相""ファンク|EBINOMICS|青春ゾンビィィズ|響|全力☆ランナー|キングオブ学芸会のテーマ～Nu Skool Teenage Riot～|踊るガリ勉中学生|テブラデスキー～青春リバティ～|STAY POP@桜木心菜・小久保柚乃・風見和香・桜井えま・仲村悠菜|kyo-do?|I'll be here|Summer Glitter|CRYSTAL DROP|Hello another world@真山りか・安本彩花・星名美怜・小林歌穂・中山莉子|DRAMA QUEEN|HOT UP!!!|ゼッテーアナーキー|トーキョーズ・ウェイ！",仮契約のシンデレラ|未確認中学生X
559,0,2024/04/13,「サンロッカーズ渋谷ホームゲーム」ハーフタイムショー,,東京都,青山学院記念館,トーキョーズ・ウェイ！|BUZZER BEATER,
558,0,2024/03/31,大関内デビル,,神奈川県,神奈川県民ホール 大ホール,HOT UP!!!|使ってポートフォリオ|仮契約のシンデレラ|買い物しようと町田へ|トーキョーズ・ウェイ！|青春ゾンビィィズ|感情電車,
557,e,2024/03/21,小久保柚乃生誕ソロライブ「塩素。」,生誕|ソロ,東京都,Zepp Haneda,新未来センセーション|おかしなわたしとはちみつのきみ / はちみつロケット|COLORS / CARRY LOOSE|ロミオの心臓 / BiS|子供じゃないもん17 / 大森靖子|まほろばアスタリスク / ≠ME@小久保柚乃・仲村悠菜|Easter Bunny / The Idol Formerly Known As LADYBABY@小久保柚乃・仲村悠菜|藍色のMonday|ちがうの,コミックガール@小久保柚乃・仲村悠菜|明日もきっと70点
556,0,2024/02/23,ファンクラブ限定イベント「エビ中メンバーの自習」,FCイベント,神奈川県,パシフィコ横浜 国立大ホール,"トーキョーズ・ウェイ！|SHAKE! SHAKE!|歌え!踊れ!エビーダダ!|キングオブ学芸会のテーマ～Nu Skool Teenage Riot～|放課後ゲタ箱ロッケンロールMX|もっと走れっ!!|中目黒の冬風・・・NAMIDA@桜井えま・仲村悠菜|神さまの言うとおり@星名美怜・桜木心菜・風見和香|アタリメ@真山りか・中山莉子|たまげた恋のエルニーニョ@安本彩花・小林歌穂・小久保柚乃|EBINOMICS|制服""報連相""ファンク|フユコイ|禁断のカルマ|U.B.U.|スターダストライト|CRYSTAL DROP|永遠に中学生",CRYSTAL DROP|永遠に中学生
555,5,2024/01/26,LIVE Meets Vol.5,,東京都,Spotify O-EAST,カレーライス|恋の感覚|Dear|a kind of love|スーパーヒーロー,
554,0,2024/01/07,新春大学芸会2024～高く飛ぶ竜と僕らのその先～,,神奈川県,ぴあアリーナMM,"Family Complex|ラブリースマイリーベイビー|イヤフォン・ライオット|えびぞりダイアモンド!!|大漁恵比寿節|梅|サドンデス|ザ・ティッシュ～とまらない青春～|使ってポートフォリオ|さよなら秘密基地@桜木心菜・小久保柚乃・風見和香・桜井えま・仲村悠菜|STAY POP@桜木心菜・小久保柚乃・風見和香・桜井えま・仲村悠菜|あたしきっと無限ルーパー@真山りか・安本彩花・星名美怜・小林歌穂・中山莉子|Hello another world@真山りか・安本彩花・星名美怜・小林歌穂・中山莉子|BLUE DIZZINESS|ヘロー|お願いジーザス|Anytime, Anywhere|ポップコーントーン|大人はわかってくれない|君のままで|MISSION SURVIVOR|仮契約のシンデレラ|ジャンプ",元気しかない！|トーキョーズ・ウェイ！|頑張ってる途中
553,0,2024/01/06,新春大学芸会2024～高く飛ぶ竜と僕らのその先～,,神奈川県,ぴあアリーナMM,"Family Complex|ラブリースマイリーベイビー|イヤフォン・ライオット|えびぞりダイアモンド!!|大漁恵比寿節|梅|サドンデス|ザ・ティッシュ～とまらない青春～|使ってポートフォリオ|ジブンアップデート@桜木心菜・小久保柚乃・風見和香・桜井えま・仲村悠菜|STAY POP@桜木心菜・小久保柚乃・風見和香・桜井えま・仲村悠菜|フォーエバー中坊@真山りか・安本彩花・星名美怜・小林歌穂・中山莉子|Hello another world@真山りか・安本彩花・星名美怜・小林歌穂・中山莉子|BLUE DIZZINESS|宇宙は砂時計|お願いジーザス|Anytime, Anywhere|ポップコーントーン|紅の詩|君のままで|MISSION SURVIVOR|仮契約のシンデレラ|ジャンプ",元気しかない！|トーキョーズ・ウェイ！|YELL
552,0,2023/12/31,第7回 ももいろ歌合戦,,神奈川県,横浜アリーナ,BLUE DIZZINESS,
551,3,2023/12/12,真山りか生誕ソロライブ「まやまにあ-Level.8-」,生誕|ソロ,神奈川県,KT Zepp Yokohama,"キャンディロッガー|beat / aiko|Anytime, Anywhere|b.l.a.c.k_h.O.l.e|BLUE DIZZINESS|老醜ブレイカー|はじめてのチュウ|蜃気楼|強く儚い者たち / Cocco|POP STAR / 平井 堅|愛、かましたいの / Neggico|イー・アル・サディスティック|愛のレンタル",青のすみか / キタニタツヤ|Liar Mask|日記
550,0,2023/11/11,私立恵比寿中学秋田分校～変わっていくことと変わらないもの～,秋田分校,秋田県,あきた芸術劇場ミルハス 大ホール,"ラブリースマイリーベイビー|イート・ザ・大目玉|ちちんぷい|kyo-do?|曇天|大人はわかってくれない|バタフライエフェクト|Go!Go!Here We Go!ロック・リー|オメカシ・フィーバー|Family Complex|ハッピーエンドとそれから|まっすぐ|制服""報連相""ファンク|でかどんでん|星の数え方|涙は似合わない",
549,0,2023/11/05,IDOL SQUARE 5,,東京都,豊洲PIT,Summer Glitter|イヤフォン・ライオット|ハイタテキ!|ヘロー|青い青い星の名前|仮契約のシンデレラ,
548,0,2023/11/03,中央大学 多摩キャンパス 白門祭,,東京都,中央大学 多摩キャンパス内9号館クレセントホール,"仮契約のシンデレラ|オメカシ・フィーバー|キングオブ学芸会のテーマ～Nu Skool Teenage Riot～|Anytime, Anywhere|ハッピーエンドとそれから|BLUE DIZZINESS|自由へ道連れ|YELL|スーパーヒーロー",青春ゾンビィィズ|イート・ザ・大目玉|シンガロン・シンガソン
547,7,2023/10/31,星名美怜生誕ソロライブ「PINK DOLL HOUSE:6」,生誕|ソロ,神奈川県,KT Zepp Yokohama,ハイタテキ!|自由へ道連れ|売れたいエモーション!|ザ・ティッシュ～とまらない青春～|U.B.U.|藍色のMonday|踊るガリ勉中学生|サドンデス|アイドル / YOASOBI|Summer Glitter|ジブンアップデート|PANDORA,23回目のサマーナイト|キミに39
546,c,2023/10/30,中山莉子生誕ソロライブ「中山莉子の生誕祭。」,生誕|ソロ,神奈川県,KT Zepp Yokohama,初恋サイダー / Buono!|ハイタテキ!|未確認中学生X|今夜はブギー・バック / 小沢健二 featuring スチャダラパー|宇宙は砂時計|ロマンスの約束 / 幾田りら|ねぇバーディア / Negicco|23回目のサマーナイト,"ペコペコリーヌ|制服""報連相""ファンク|オメカシ・フィーバー"
545,0,2023/10/29,スタプラアイドルフェスティバル ～秋の新曲収穫祭～,,神奈川県,横浜アリーナ,Family Complex|BLUE DIZZINESS|Summer Glitter|ザ・ティッシュ～とまらない青春～,
544,0,2023/10/22,オケラディスコ2023,オケラディスコ,東京都,東京国際フォーラム ホールA,ポンパラ ペコルナ パピヨッタ|参枚目のタフガキ|でかどんでん|歌え!踊れ!エビーダダ!|中人DANCE MUSIC|PLAYBACK|Summer Glitter|ジブンアップデート|シンガロン・シンガソン|日進月歩|宇宙は砂時計|星の数え方|まっすぐ|One More Time / Daft Punk|ハイタテキ!|感情電車|なないろ,
543,0,2023/10/14,Japan Fiesta in Christchurch EX 2023,,ニュージーランド,リカルトンパーク,Lon de Don|Go!Go!Here We Go!ロック・リー|未確認中学生X|パクチー|仮契約のシンデレラ|でかどんでん|ラブリースマイリーベイビー|HOT UP!!!|手をつなごう,
542,0,2023/10/07,オケラディスコ2023,オケラディスコ,神奈川県,パシフィコ横浜 国立大ホール,ポンパラ ペコルナ パピヨッタ|参枚目のタフガキ|でかどんでん|歌え!踊れ!エビーダダ!|中人DANCE MUSIC|PLAYBACK|Summer Glitter|ジブンアップデート|シンガロン・シンガソン|日進月歩|宇宙は砂時計|星の数え方|まっすぐ|ハイタテキ!|感情電車|One More Time / Daft Punk,
541,d,2023/09/25,桜木心菜生誕ソロライブ「桜木NightProm～2nd night～」,生誕|ソロ,神奈川県,KT Zepp Yokohama,Boss Bitch / Doja Cat|バタフライエフェクト|ミスター / KARA|Queencard / (G)I-DLE|ハレンチ / ちゃんみな|キャンディロッガー|17 / 椎名林檎|ココ☆ナツ / ももいろクローバーZ|MISSION SURVIVOR,"気分上々↑↑ / mihimaru GT|制服""報連相""ファンク|サドンデス|PLAYBACK|"
540,g,2023/09/13,桜井えま生誕ソロライブ「はにーえまいる～沼1～」,生誕|ソロ,神奈川県,KT Zepp Yokohama,ダイビング|えびぞりダイアモンド!!|裸足のシンデレラ / 703号室|I'll be here|キャンディロッガー|Honey B～みつばちダンス / 木村カエラ|SAKURA / いきものがかり|日進月歩|マリーゴールド / あいみょん|頑張ってる途中,手をつなごう|涙は似合わない
539,0,2023/09/11,トライアングルプラネット vol.1,,東京都,Zepp Haneda,買い物しようと町田へ|ラブリースマイリーベイビー|サラバ、愛しき悲しみたちよ / ももいろクローバーZ|サドンデス|シンガロン・シンガソン|Summer Glitter|頑張ってる途中|まっすぐ,
538,0,2023/09/05,「放課後ロッケンロール -HYPER-」VS 礼賛,対バン,東京都,Zepp Haneda,トレンディガール|ハイタテキ!|シンガロン・シンガソン|あなたのダンスで騒がしい|自由へ道連れ|ハッピーエンドとそれから|Summer Glitter|さよなら秘密基地|ヘロー|まっすぐ|愛のレンタル,
537,0,2023/09/04,「放課後ロッケンロール -HYPER-」 VS 梅田サイファー,対バン,東京都,Zepp Haneda,"熟女になっても|Family Complex|キングオブ学芸会のテーマ～Nu Skool Teenage Riot～|サドンデス|梅田ナイトフィーバー|日進月歩|青い青い星の名前|Summer Glitter|ジャンプ|Anytime, Anywhere|仮契約のシンデレラ",
536,0,2023/08/29,UNIDOL 2023 Summer,,東京都,Zepp Haneda,仮契約のシンデレラ|ラブリースマイリーベイビー|YELL,
535,0,2023/08/28,VAZ COLORZ SHOW 2023 powered by SHEIN,,大阪府,Zepp Osaka Bayside,まだ×2売れたいエモーション!|kyo-do?|ジブンアップデート|仮契約のシンデレラ|Summer Glitter,
534,0,2023/08/26,@JAM EXPO 2023 supported by UP-T,フェス,神奈川県,横浜アリーナ,Family Complex|禁断のカルマ|Summer Glitter|23回目のサマーナイト|仮契約のシンデレラ,
533,0,2023/08/25,お台場冒険王　SUMMER SPLASH! めざましライブ,,東京都,お台場冒険王2023 SUMMER SPLASH スタジアム,サドンデス|Family Complex|MISSION SURVIVOR|Summer Glitter|感情電車,
532,0,2023/08/21,ヤングジャンプオンラインライブ,,配信,配信,CHAN-CHARA-CHAN|オーマイゴースト?～わたしが悪霊になっても～|ザ・ティッシュ～とまらない青春～|Summer Glitter|ヘロー|ちがうの|日進月歩|青い青い星の名前|23回目のサマーナイト|ハイタテキ!|スターダストライト,
531,f,2023/08/17,風見和香生誕ソロライブ「ののかまると犬の散歩～みんなで吠えよう!～」,生誕|ソロ,東京都,Zepp DiverCity,Lon de Don|サクラ・ゴーラウンド|YELL|踊るガリ勉中学生|あなたを・もっと・知りたくて / 薬師丸ひろ子|ボーイフレンド / aiko|宇宙は砂時計|ちがうの|HAPPY / 上白石萌音|スターダストライト,きっとインフィニティー!
530,0,2023/08/10,SUMMER STATION 音楽LIVE,フェス,東京都,六本木ヒルズアリーナ,金八DANCE MUSIC|ラブリースマイリーベイビー|さよなら秘密基地|YELL|未確認中学生X|夏だぜジョニー|青春ゾンビィィズ|イヤフォン・ライオット|Summer Glitter|MISSION SURVIVOR,
529,0,2023/08/06,エビ中 夏のファミリー遠足 略してファミえん in 山中湖2023,ファミえん,山梨県,山中湖交流プラザきらら シアターひびき,夏だぜジョニー|ご存知!エビ中音頭|青春ゾンビィィズ|ほぼブラジル|ラブリースマイリーベイビー|ちちんぷい|揚げろ!エビフライ|イヤフォン・ライオット|誘惑したいや|いい湯かな?|イート・ザ・大目玉|HOT UP!!!|いつかのメイドインジャピャ～ン@桜木心菜・小久保柚乃・風見和香・桜井えま・仲村悠菜|響@真山りか・安本彩花・星名美怜・小林歌穂・中山莉子|青い青い星の名前|kyo-do?|買い物しようと町田へ|Summer Glitter|幸せの貼り紙はいつも背中に|スーパーヒーロー |サドンデス,Family Complex|スターダストライト|Go!Go!Here We Go!ロック・リー|YELL
528,0,2023/08/05,エビ中 夏のファミリー遠足 略してファミえん in 山中湖2023,ファミえん,山梨県,山中湖交流プラザきらら シアターひびき,夏だぜジョニー|ご存知!エビ中音頭|青春ゾンビィィズ|ほぼブラジル|ラブリースマイリーベイビー|ちちんぷい|揚げろ!エビフライ|イヤフォン・ライオット|誘惑したいや|朝顔|イート・ザ・大目玉|HOT UP!!!|いつかのメイドインジャピャ～ン@桜木心菜・小久保柚乃・風見和香・桜井えま・仲村悠菜|響@真山りか・安本彩花・星名美怜・小林歌穂・中山莉子|23回目のサマーナイト|kyo-do?|買い物しようと町田へ|Summer Glitter|summer dejavu|まっすぐ|サドンデス,Family Complex|フレ!フレ!サイリウム|Go!Go!Here We Go!ロック・リー|ナチュメロらんでぶー
527,0,2023/07/17,LuckyFes'23,フェス,茨城県,国営ひたち海浜公園 GREEN STAGE,ジャンプ|夏だぜジョニー|仮契約のシンデレラ|ハイタテキ!|HOT UP!!!|23回目のサマーナイト|蛍の光,
526,0,2023/07/16,私立恵比寿中学 spring tour 2023～100%ebism～,春ツアー,神奈川県,パシフィコ横浜 国立大ホール,PANDORA|放課後ゲタ箱ロッケンロールMX|HOT UP!!!|パクチー|金八DANCE MUSIC|オメカシ・フィーバー|ジブンアップデート|参枚目のタフガキ|kyo-do?|きゅるん@中山莉子・桜木心菜・桜井えま|熟女になっても@真山りか・安本彩花・星名美怜|I'm your MANAGER!!!@小林歌穂・小久保柚乃・風見和香・仲村悠菜|ちちんぷい//春休みモラトリアム中学生//チャイム!//藍色のMonday//イヤフォン・ライオット//ラブリースマイリーベイビー//仮契約のシンデレラ//シンガロン・シンガソン|禁断のカルマ|バタフライエフェクト|自由へ道連れ|Bang Bang Beat|はみだせGirls|イート・ザ・大目玉,ハイタテキ!|なないろ|ボイジャー|涙は似合わない
525,0,2023/07/09,私立恵比寿中学 spring tour 2023～100%ebism～,春ツアー,沖縄県,ミュージックタウン音市場,えびぞりダイアモンド!!|YELL|MISSION SURVIVOR|パクチー|金八DANCE MUSIC|オメカシ・フィーバー|ジブンアップデート|参枚目のタフガキ|kyo-do?|きゅるん@中山莉子・桜木心菜・桜井えま|熟女になっても@真山りか・安本彩花・星名美怜|I'm your MANAGER!!!@小久保柚乃・風見和香・仲村悠菜|ちちんぷい//春休みモラトリアム中学生//チャイム!//藍色のMonday//イヤフォン・ライオット//ラブリースマイリーベイビー//仮契約のシンデレラ//シンガロン・シンガソン|自由へ道連れ|Bang Bang Beat|青春ゾンビィィズ|はみだせGirls|イート・ザ・大目玉,ハイタテキ!|Go!Go!Here We Go!ロック・リー|ボイジャー
524,0,2023/07/08,私立恵比寿中学 spring tour 2023～100%ebism～,春ツアー,沖縄県,南城市文化センター シュガーホール,えびぞりダイアモンド!!|YELL|MISSION SURVIVOR|パクチー|金八DANCE MUSIC|オメカシ・フィーバー|ジブンアップデート|参枚目のタフガキ|kyo-do?|きゅるん@中山莉子・桜木心菜・桜井えま|熟女になっても@真山りか・安本彩花・星名美怜|I'm your MANAGER!!!@小久保柚乃・風見和香・仲村悠菜|ちちんぷい//春休みモラトリアム中学生//チャイム!//藍色のMonday//イヤフォン・ライオット//ラブリースマイリーベイビー//仮契約のシンデレラ//シンガロン・シンガソン|自由へ道連れ|Bang Bang Beat|青春ゾンビィィズ|はみだせGirls|イート・ザ・大目玉,ハイタテキ!|夏だぜジョニー|ボイジャー
523,0,2023/07/01,私立恵比寿中学 spring tour 2023～100%ebism～,春ツアー,茨城県,ザ・ヒロサワ・シティ会館 大ホール,PANDORA|放課後ゲタ箱ロッケンロールMX|HOT UP!!!|パクチー|金八DANCE MUSIC|オメカシ・フィーバー|ジブンアップデート|参枚目のタフガキ|kyo-do?|きゅるん@中山莉子・桜木心菜・桜井えま|熟女になっても@真山りか・安本彩花・星名美怜|I'm your MANAGER!!!@小林歌穂・小久保柚乃・風見和香・仲村悠菜|ちちんぷい//春休みモラトリアム中学生//チャイム!//藍色のMonday//イヤフォン・ライオット//ラブリースマイリーベイビー//仮契約のシンデレラ//シンガロン・シンガソン|バタフライエフェクト|自由へ道連れ|Bang Bang Beat|はみだせGirls|イート・ザ・大目玉,ハイタテキ!|面皰|ボイジャー
522,0,2023/06/30,「Friday NIGHT FEVER」試合前パフォーマンス,,東京都,東京ドーム,kyo-do?,
521,5,2023/06/27,安本彩花生誕ソロライブ「お手製メニュー豊富に取り揃えております。花丸の自信『#安安』店舗拡大中♡」,生誕|ソロ,東京都,Zepp DiverCity,"キングオブ学芸会のテーマ～Nu Skool Teenage Riot～|制服""報連相""ファンク|カレーライス|小さな戦士|靴紐とファンファーレ|恋の感覚|Anytime, Anywhere@チルエニmix|カプチーノ / ともさかりえ|GLAMOROUS SKY / 中島美嘉|23回目のサマーナイト|スーパーヒーロー（安本彩花）",チャイム!|TSUBOMI|君に届くかな…
520,0,2023/06/24,私立恵比寿中学 spring tour 2023～100%ebism～,春ツアー,宮城県,東京エレクトロンホール宮城 大ホール,PANDORA|放課後ゲタ箱ロッケンロールMX|HOT UP!!!|パクチー|金八DANCE MUSIC|オメカシ・フィーバー|ジブンアップデート|参枚目のタフガキ|kyo-do?|きゅるん@中山莉子・桜木心菜・桜井えま|熟女になっても@真山りか・安本彩花|I'm your MANAGER!!!@小林歌穂・小久保柚乃・風見和香・仲村悠菜|ちちんぷい//春休みモラトリアム中学生//チャイム!//藍色のMonday//イヤフォン・ライオット//ラブリースマイリーベイビー//仮契約のシンデレラ//シンガロン・シンガソン|バタフライエフェクト|自由へ道連れ|Bang Bang Beat|はみだせGirls|イート・ザ・大目玉,ハイタテキ!|フレ!フレ!サイリウム|ボイジャー
519,5,2023/06/20,安本彩花生誕ソロライブ「お手製メニュー豊富に取り揃えております。花丸の自信『#安安』店舗拡大中♡」,生誕|ソロ,大阪府,なんばHatch,"キングオブ学芸会のテーマ～Nu Skool Teenage Riot～|制服""報連相""ファンク|カレーライス|夏の微熱|きゅるん|恋の感覚|Anytime, Anywhere@チルエニmix|カプチーノ / ともさかりえ|まっすぐ|スーパーヒーロー（安本彩花）",チャイム!|TSUBOMI
518,0,2023/06/18,私立恵比寿中学 spring tour 2023～100%ebism～,春ツアー,大阪府,NHK大阪ホール,PANDORA|放課後ゲタ箱ロッケンロールMX|HOT UP!!!|パクチー|金八DANCE MUSIC|オメカシ・フィーバー|ジブンアップデート|参枚目のタフガキ|kyo-do?|きゅるん@中山莉子・桜木心菜・桜井えま|熟女になっても@真山りか・安本彩花・星名美怜|I'm your MANAGER!!!@小林歌穂・小久保柚乃・風見和香・仲村悠菜|ちちんぷい//春休みモラトリアム中学生//チャイム!//藍色のMonday//イヤフォン・ライオット//ラブリースマイリーベイビー//仮契約のシンデレラ//シンガロン・シンガソン|バタフライエフェクト|自由へ道連れ|Bang Bang Beat|はみだせGirls|イート・ザ・大目玉,ハイタテキ!|踊るガリ勉中学生|ボイジャー
517,0,2023/06/17,私立恵比寿中学 spring tour 2023～100%ebism～,春ツアー,大阪府,NHK大阪ホール,PANDORA|放課後ゲタ箱ロッケンロールMX|HOT UP!!!|パクチー|金八DANCE MUSIC|オメカシ・フィーバー|ジブンアップデート|参枚目のタフガキ|kyo-do?|きゅるん@中山莉子・桜木心菜・桜井えま|熟女になっても@真山りか・安本彩花・星名美怜|I'm your MANAGER!!!@小林歌穂・小久保柚乃・風見和香・仲村悠菜|ちちんぷい//春休みモラトリアム中学生//チャイム!//藍色のMonday//イヤフォン・ライオット//ラブリースマイリーベイビー//仮契約のシンデレラ//シンガロン・シンガソン|バタフライエフェクト|自由へ道連れ|Bang Bang Beat|はみだせGirls|イート・ザ・大目玉,ハイタテキ!|U.B.U.|ボイジャー
516,5,2023/06/15,安本彩花生誕ソロライブ「お手製メニュー豊富に取り揃えております。花丸の自信『#安安』店舗拡大中♡」,生誕|ソロ,愛知県,Diamond Hall,"キングオブ学芸会のテーマ～Nu Skool Teenage Riot～|制服""報連相""ファンク|カレーライス|小さな戦士|君のままで|恋の感覚|Anytime, Anywhere@チルエニmix|カプチーノ / ともさかりえ|たそがれシアター|スーパーヒーロー（安本彩花）",チャイム!|TSUBOMI
515,b,2023/06/12,小林歌穂生誕ソロライブ「ぽーランド8!!!!!!!!」,生誕|ソロ,神奈川県,KT Zepp Yokohama,23回目のサマーナイト|カタオモイ / Aimer|面皰|ぐらりぐら想い|愛の賛歌 / 越路吹雪|サーカスナイト / 七尾旅人|丸の内サディスティック / 椎名林檎|曇天|宇宙は砂時計|PLAYBACK,ゼッテーアナーキー|日記
514,0,2023/06/03,私立恵比寿中学 spring tour 2023～100%ebism～,春ツアー,北海道,苫小牧市民会館 大ホール,PANDORA|放課後ゲタ箱ロッケンロールMX|HOT UP!!!|パクチー|金八DANCE MUSIC|オメカシ・フィーバー|ジブンアップデート|参枚目のタフガキ|kyo-do?|きゅるん@中山莉子・桜木心菜・桜井えま|熟女になっても@真山りか・安本彩花・星名美怜|I'm your MANAGER!!!@小林歌穂・小久保柚乃・風見和香・仲村悠菜|ちちんぷい//春休みモラトリアム中学生//チャイム!//藍色のMonday//イヤフォン・ライオット//ラブリースマイリーベイビー//仮契約のシンデレラ//シンガロン・シンガソン|バタフライエフェクト|自由へ道連れ|Bang Bang Beat|はみだせGirls|イート・ザ・大目玉,ハイタテキ!|ゼッテーアナーキー|ボイジャー
513,h,2023/05/29,仲村悠菜生誕ソロライブ「純喫茶ミルクティー～1杯目～」,生誕|ソロ,東京都,品川ステラボール,全力☆ランナー|Another Day|だいしきゅーだいしゅき / femme fatale|うれしい!たのしい!大好き! / DREAMS COME TRUE|ただ君に晴れ / ヨルシカ|水星 / ラブリーサマーちゃん|宇宙は砂時計|8ミリフィルム / アカシック|青い青い星の名前|自由へ道連れ,ハッピーエンドとそれから|スーパーヒーロー |スターダストライト
512,0,2023/05/27,私立恵比寿中学 spring tour 2023～100%ebism～,春ツアー,広島県,広島JMSアステールプラザ 大ホール,PANDORA|放課後ゲタ箱ロッケンロールMX|HOT UP!!!|パクチー|金八DANCE MUSIC|オメカシ・フィーバー|シュガーグレーズ|参枚目のタフガキ|kyo-do?|ジブンアップデート|きゅるん@中山莉子・桜木心菜・桜井えま|熟女になっても@真山りか・安本彩花・星名美怜|I'm your MANAGER!!!@小林歌穂・小久保柚乃・風見和香・仲村悠菜|ちちんぷい//春休みモラトリアム中学生//チャイム!//藍色のMonday//イヤフォン・ライオット//ラブリースマイリーベイビー//仮契約のシンデレラ//シンガロン・シンガソン|バタフライエフェクト|自由へ道連れ|Bang Bang Beat|青春ゾンビィィズ,手をつなごう|アンコールの恋|キングオブ学芸会のテーマ～Nu Skool Teenage Riot～|ボイジャー
511,0,2023/05/21,私立恵比寿中学 spring tour 2023～100%ebism～,春ツアー,千葉県,市川市文化会館 大ホール,PANDORA|放課後ゲタ箱ロッケンロールMX|HOT UP!!!|パクチー|金八DANCE MUSIC|オメカシ・フィーバー|シュガーグレーズ|参枚目のタフガキ|kyo-do?|ジブンアップデート|きゅるん@中山莉子・桜木心菜・桜井えま|熟女になっても@真山りか・安本彩花・星名美怜|I'm your MANAGER!!!@小林歌穂・小久保柚乃・風見和香・仲村悠菜|ちちんぷい//春休みモラトリアム中学生//チャイム!//藍色のMonday//イヤフォン・ライオット//ラブリースマイリーベイビー//仮契約のシンデレラ//シンガロン・シンガソン|バタフライエフェクト|自由へ道連れ|Bang Bang Beat|青春ゾンビィィズ|イート・ザ・大目玉,アンコールの恋|新未来センセーション|ボイジャー
510,0,2023/05/14,私立恵比寿中学 spring tour 2023～100%ebism～,春ツアー,埼玉県,大宮ソニックシティ 大ホール,"PANDORA|放課後ゲタ箱ロッケンロールMX|HOT UP!!!|パクチー|金八DANCE MUSIC|オメカシ・フィーバー|シュガーグレーズ|参枚目のタフガキ|kyo-do?|ジブンアップデート|制服""報連相""ファンク@中山莉子・桜木心菜|熟女になっても@真山りか・安本彩花・星名美怜|I'm your MANAGER!!!@小林歌穂・小久保柚乃・風見和香・仲村悠菜|ちちんぷい//春休みモラトリアム中学生//チャイム!//藍色のMonday//イヤフォン・ライオット//ラブリースマイリーベイビー//仮契約のシンデレラ//シンガロン・シンガソン|バタフライエフェクト|自由へ道連れ|Bang Bang Beat|青春ゾンビィィズ|イート・ザ・大目玉",アンコールの恋|君のままで|ボイジャー
509,0,2023/05/07,私立恵比寿中学 spring tour 2023～100%ebism～,春ツアー,新潟県,新潟テルサ,PANDORA|放課後ゲタ箱ロッケンロールMX|HOT UP!!!|パクチー|金八DANCE MUSIC|オメカシ・フィーバー|シュガーグレーズ|参枚目のタフガキ|kyo-do?|ジブンアップデート|きゅるん@中山莉子・桜木心菜・桜井えま|熟女になっても@真山りか・安本彩花・星名美怜|I'm your MANAGER!!!@小林歌穂・小久保柚乃・風見和香・仲村悠菜|ちちんぷい//春休みモラトリアム中学生//チャイム!//藍色のMonday//イヤフォン・ライオット//ラブリースマイリーベイビー//仮契約のシンデレラ//シンガロン・シンガソン|バタフライエフェクト|自由へ道連れ|Bang Bang Beat|青春ゾンビィィズ|イート・ザ・大目玉,アンコールの恋|曇天|ボイジャー
508,0,2023/05/05,私立恵比寿中学 spring tour 2023～100%ebism～,春ツアー,愛知県,愛知県芸術劇場 大ホール,PANDORA|放課後ゲタ箱ロッケンロールMX|HOT UP!!!|パクチー|金八DANCE MUSIC|オメカシ・フィーバー|シュガーグレーズ|参枚目のタフガキ|kyo-do?|ジブンアップデート|きゅるん@中山莉子・桜木心菜・桜井えま|熟女になっても@真山りか・安本彩花・星名美怜|I'm your MANAGER!!!@小林歌穂・小久保柚乃・風見和香・仲村悠菜|ちちんぷい//春休みモラトリアム中学生//チャイム!//藍色のMonday//イヤフォン・ライオット//ラブリースマイリーベイビー//仮契約のシンデレラ//シンガロン・シンガソン|バタフライエフェクト|自由へ道連れ|Bang Bang Beat|青春ゾンビィィズ|イート・ザ・大目玉,アンコールの恋|スーパーヒーロー |ボイジャー
507,0,2023/05/03,私立恵比寿中学 spring tour 2023～100%ebism～,春ツアー,岩手県,盛岡市民文化ホール 大ホール,PANDORA|放課後ゲタ箱ロッケンロールMX|HOT UP!!!|パクチー|金八DANCE MUSIC|オメカシ・フィーバー|シュガーグレーズ|参枚目のタフガキ|kyo-do?|ジブンアップデート|きゅるん@中山莉子・桜木心菜・桜井えま|熟女になっても@真山りか・安本彩花・星名美怜|I'm your MANAGER!!!@小林歌穂・小久保柚乃・風見和香・仲村悠菜|ちちんぷい//春休みモラトリアム中学生//チャイム!//藍色のMonday//イヤフォン・ライオット//ラブリースマイリーベイビー//仮契約のシンデレラ//シンガロン・シンガソン|バタフライエフェクト|自由へ道連れ|Bang Bang Beat|青春ゾンビィィズ|イート・ザ・大目玉,アンコールの恋|感情電車|ボイジャー
506,0,2023/04/29,私立恵比寿中学 spring tour 2023～100%ebism～,春ツアー,福岡県,キャナルシティ劇場,PANDORA|放課後ゲタ箱ロッケンロールMX|HOT UP!!!|パクチー|金八DANCE MUSIC|オメカシ・フィーバー|シュガーグレーズ|参枚目のタフガキ|kyo-do?|きゅるん@中山莉子・桜木心菜・桜井えま|熟女になっても@真山りか・安本彩花・星名美怜|I'm your MANAGER!!!@小林歌穂・小久保柚乃・風見和香・仲村悠菜|ちちんぷい//春休みモラトリアム中学生//チャイム!//藍色のMonday//イヤフォン・ライオット//ラブリースマイリーベイビー//仮契約のシンデレラ//シンガロン・シンガソン|バタフライエフェクト|自由へ道連れ|Bang Bang Beat|青春ゾンビィィズ|イート・ザ・大目玉,アンコールの恋|ハッピーエンドとそれから|ボイジャー
505,0,2023/04/23,私立恵比寿中学 spring tour 2023～100%ebism～,春ツアー,東京都,TOKYO DOME CITY HALL,PANDORA|放課後ゲタ箱ロッケンロールMX|HOT UP!!!|パクチー|金八DANCE MUSIC|オメカシ・フィーバー|シュガーグレーズ|参枚目のタフガキ|kyo-do?|きゅるん@中山莉子・桜木心菜・桜井えま|熟女になっても@真山りか・安本彩花・星名美怜|I'm your MANAGER!!!@小林歌穂・小久保柚乃・風見和香・仲村悠菜|ちちんぷい//春休みモラトリアム中学生//チャイム!//藍色のMonday//イヤフォン・ライオット//ラブリースマイリーベイビー//仮契約のシンデレラ//シンガロン・シンガソン|バタフライエフェクト|自由へ道連れ|Bang Bang Beat|青春ゾンビィィズ|イート・ザ・大目玉,アンコールの恋|さよなら秘密基地|ボイジャー
504,0,2023/04/16,「kyo-do?」リリースイベント,,千葉県,セブンパークアリオ柏,シンガロン・シンガソン|キングオブ学芸会のテーマ～Nu Skool Teenage Riot～|仮契約のシンデレラ|kyo-do?,
503,0,2023/04/15,私立恵比寿中学 spring tour 2023～100%ebism～,春ツアー,千葉県,森のホール21 大ホール,PANDORA|放課後ゲタ箱ロッケンロールMX|HOT UP!!!|パクチー|金八DANCE MUSIC|オメカシ・フィーバー|シュガーグレーズ|参枚目のタフガキ|kyo-do?|きゅるん@中山莉子・桜木心菜・桜井えま|熟女になっても@真山りか・安本彩花・星名美怜|I'm your MANAGER!!!@小林歌穂・小久保柚乃・風見和香・仲村悠菜|ちちんぷい//春休みモラトリアム中学生//チャイム!//藍色のMonday//イヤフォン・ライオット//ラブリースマイリーベイビー//仮契約のシンデレラ//シンガロン・シンガソン|バタフライエフェクト|自由へ道連れ|Bang Bang Beat|青春ゾンビィィズ|イート・ザ・大目玉,アンコールの恋|ヘロー|ボイジャー
502,defgh,2023/04/01,低学年メンバーフリーイベント「武者修行フリーライブ」,,大阪府,大阪南港 ATC 海辺のステージ,まだ×2売れたいエモーション!|春休みモラトリアム中学生|君のままで|YELL|いつかのメイドインジャピャ～ン,ジャンプ
501,0,2023/03/26,瀬戸内アイドルフェスティバル,,広島県,エールエールA館屋上,手をつなごう|ハイタテキ!|えびぞりダイアモンド!!|YELL|HOT UP!!!|ラブリースマイリーベイビー,
500,0,2023/03/26,瀬戸内アイドルフェスティバル,,広島県,広島駅南口地下広場,仮契約のシンデレラ|まだ×2売れたいエモーション!|イヤフォン・ライオット|ハイタテキ!|ラブリースマイリーベイビー,
499,0,2023/03/21,ｔｖｋ開局50周年イベント「大関内デビル」,,神奈川県,神奈川県民ホール 大ホール,感情電車|熟女になっても|えびぞりダイアモンド!!|ゼッテーアナーキー|まだ×2売れたいエモーション!|禁断のカルマ|ジャンプ,
498,e,2023/03/20,小久保柚乃生誕ソロライブ「水素。」,生誕|ソロ,東京都,恵比寿ザ・ガーデンホール,"朝顔|イヤフォン・ライオット|ヘロー|東京 / PEDRO|Pretender / CARRY LOOS|感情電車|HiDE the BLUE / BiSH|夢見るドブネズミ / ネクライトーキー|日記|Anytime, Anywhere",まだ×2売れたいエモーション!|明日もきっと70点
497,defgh,2023/03/11,低学年メンバーフリーイベント「武者修行フリーライブ」,,愛知県,イオンモール常滑,キングオブ学芸会のテーマ～Nu Skool Teenage Riot～|まだ×2売れたいエモーション!|ちがうの|自由へ道連れ|ボイジャー,
496,defgh,2023/02/05,低学年メンバーフリーイベント「武者修行フリーライブ」,,福岡県,キャナルシティ博多,未確認中学生X|春休みモラトリアム中学生|まだ×2売れたいエモーション!|感情電車|ボイジャー,
495,0,2023/02/19,52OSAKA ～Girls Castle～,,大阪府,大阪城ホール,"制服""報連相""ファンク|ハッピーエンドとそれから|誘惑したいや|禁断のカルマ|仮契約のシンデレラ",
494,0,2023/02/13,エビ中FC会員限定 ファミリーの集い2023,FCイベント,神奈川県,パシフィコ横浜 国立大ホール,仮契約のシンデレラ|まだ×2売れたいエモーション!|ザ・ティッシュ～とまらない青春～|さよなら秘密基地|熟女になっても|ハイタテキ!|未確認中学生X|HOT UP!!!|Go!Go!Here We Go!ロック・リー|Bang Bang Beat|ボイジャー|キングオブ学芸会のテーマ～Nu Skool Teenage Riot～,
493,defgh,2023/02/05,低学年メンバーフリーイベント「武者修行フリーライブ」,,埼玉県,ステラタウン大宮 1F屋外メローペ広場,未確認中学生X|売れたいエモーション!|紅の詩|イヤフォン・ライオット|ボイジャー,
492,defgh,2023/02/04,低学年メンバーフリーイベント「武者修行フリーライブ」,,兵庫県,神戸ハーバーランド スペースシアター,未確認中学生X|売れたいエモーション!|ハッピーエンドとそれから|紅の詩|ボイジャー,
491,0,2023/01/31,私立恵比寿中学Major Debut 10th Anniversary 2MAN Zepp TOUR「放課後ロッケンロール」 VS 新しい学校のリーダーズ,対バン,大阪府,Zepp Osaka Bayside,未確認中学生X|さよなら秘密基地|熟女になっても|CHAN-CHARA-CHAN|曇天|シュガーグレーズ|仮契約のシンデレラ|新未来センセーション|Go!Go!Here We Go!ロック・リー|永遠に中学生,
490,3,2023/01/16,真山りか生誕ソロライブ「まやまにあ-Level.7-」,生誕|ソロ,神奈川県,KT Zepp Yokohama,愛のレンタル|ワインレッドの心 / 椎名林檎|シングルTONEでお願い|LA・LA・LA LOVE SONG / 久保田利伸|邦画 / indigo la End|シンデレラボーイ / Saucy Dog|痛いよ / 清竜人|星が泳ぐ / マカロニえんぴつ|宇宙は砂時計|蜃気楼|Shen-Shen Passion Night|Liar Mask|感情電車|君じゃなきゃダメみたい / オーイシマサヨシ|ハッピーエンドとそれから,
489,0,2022/12/31,第6回 ももいろ歌合戦,,東京都,日本武道館,まだ×2売れたいエモーション!,
488,0,2022/12/17,私立恵比寿中学 New style 大学芸会～run in our ebichu family～,,千葉県,幕張メッセ イベントホール,"未確認中学生X|仮契約のシンデレラ|売れたいエモーション!|ハイタテキ!|ハッピーエンドとそれから|新未来センセーション|イヤフォン・ライオット|Bang Bang Beat|青い青い星の名前@真山りか|禁断のカルマ@桜木心菜・小久保柚乃・風見和香|きゅるん@星名美怜|友情ラブレター@小林歌穂・中山莉子|ちがうの@安本彩花|スーパーヒーロー |CHAN-CHARA-CHAN|制服""報連相""ファンク|HOT UP!!!|ラブリースマイリーベイビー|BUZZER BEATER|曇天|星の数え方|ジャンプ|君のままで",ボイジャー|シンガロン・シンガソン|永遠に中学生
487,0,2022/12/16,私立恵比寿中学 柏木ひなた卒業式「smile for you」,,千葉県,幕張メッセ イベントホール,なないろ|23回目のサマーナイト|えびぞりダイアモンド!!|紅の詩|放課後ゲタ箱ロッケンロールMX|どしゃぶりリグレット|I'll be here@柏木ひなた|ハイタテキ!@安本彩花・中山莉子・桜木心菜・小久保柚乃|ナガレボシ@真山りか・星名美怜・小林歌穂・風見和香|宇宙は砂時計|ヘロー|手をつなごう|Family Complex|自由へ道連れ|イート・ザ・大目玉|HOT UP!!!|まっすぐ|星の数え方|ジャンプ|スーパーヒーロー,ボイジャー|約束|フレ!フレ!サイリウム|仮契約のシンデレラ
486,a,2022/11/28,柏木ひなた EBICHU 12th Anniversary Live Let's laugh together forever!!!!!!!!!!,ソロ,東京都,中野サンプラザ ホール,Family Complex|オメカシ・フィーバー|トキメキ的週末論|ハッピーエンドとそれから|日進月歩|踊るロクデナシ|熟女になっても|I'll be here|紅の詩|盆栽ガール|ポップコーントーン//スターダストライト//フユコイ//全力☆ランナー//U.B.U.//お願いジーザス//なないろ|星の数え方|宇宙は砂時計|愛のレンタル|大人はわかってくれない|ジャンプ,えびぞりダイアモンド!!|ヘロー|HOT UP!!!|サドンデス
485,0,2022/11/26,私立恵比寿中学秋田分校〜お待たせしました美の国感謝祭〜,秋田分校,秋田県,あきた芸術劇場ミルハス 大ホール,"エビ中出席番号の歌 その3|Family Complex|YELL|イヤフォン・ライオット|HOT UP!!!|売れたいエモーション!|Anytime, Anywhere|もっと走れっ!!|感情電車|ヘロー|Bang Bang Beat|まっすぐ|スーパーヒーロー |なないろ|MISSION SURVIVOR|ジャンプ|BUZZER BEATER",ジャンプ|BUZZER BEATER
484,adef,2022/11/12,10131415～BOSSと子分たち～,,東京都,TACHIKAWA STAGE GARDEN,"ハイタテキ!|誘惑したいや|Anytime, Anywhere|シンガロン・シンガソン|仮契約のシンデレラ|キャンディロッガー@柏木ひなた・桜木心菜|さよなら秘密基地@柏木ひなた・小久保柚乃|大好きだよ@柏木ひなた・風見和香|大人はわかってくれない|キングオブ学芸会のテーマ～Nu Skool Teenage Riot～|制服""報連相""ファンク|紅の詩|イヤフォン・ライオット",コミックガール|頑張ってる途中|いつかのメイドインジャピャ～ン
483,0,2022/11/03,私立恵比寿中学と生駒祭～近大・ライオット～,,大阪府,近畿大学 東大阪キャンパス 11月ホール,"仮契約のシンデレラ|Anytime, Anywhere|大人はわかってくれない|自由へ道連れ|YELL|売れたいエモーション!|青春ゾンビィィズ|愛のレンタル|なないろ|イート・ザ・大目玉|ジャンプ|イヤフォン・ライオット",
482,0,2022/11/01,私立恵比寿中学Major Debut 10th Anniversary 2MAN Zepp TOUR「放課後ロッケンロール」 VS 超特急,対バン,愛知県,名古屋国際会議場 センチュリーホール,"禁断のカルマ|イヤフォン・ライオット|青春ゾンビィィズ|トキメキ的週末論|YELL|愛のレンタル|I'll be here|きゅるん|仮契約のシンデレラ|ハイタテキ!|Anytime, Anywhere|永遠に中学生",
481,7,2022/10/31,星名美怜生誕ソロライブ「PINK DOLL HOUSE:5」,生誕|ソロ,神奈川県,KT Zepp Yokohama,ハイタテキ!|トキメキ的週末論|藍色のMonday|自由へ道連れ|日進月歩|踊るロクデナシ|きゅるん|バタフライエフェクト|PANDORA|b.l.a.c.k_h.O.l.e,Family Complex|オメカシ・フィーバー|ヘロー|キミに39
480,0,2022/10/30,101112～平成いそきんトリオ集結～,,千葉県,市川市文化会館,シンガロン・シンガソン|自由へ道連れ|HISTORY|星の数え方|ジャンプ|響|イッショウトモダチ,
479,abc,2022/10/30,101112～平成いそきんトリオ集結～,,千葉県,市川市文化会館,ダイビング|バタフライエフェクト|青い青い星の名前|I'm your MANAGER!!!|テブラデスキー～青春リバティ～|ちちんぷい|リフレインが、ずっと@柏木ひなた・小林歌穂|でかどんでん@柏木ひなた・中山莉子|お願いジーザス|宇宙は砂時計|結ばれた想い|23回目のサマーナイト|チュパカブラ|フォーエバー中坊|たまげた恋のエルニーニョ,
478,0,2022/10/29,tvk・ぴあ 50th anniversary LIVE 2022 ～感謝のカタチ～,,神奈川県,ぴあアリーナMM,"Anytime, Anywhere|きゅるん|ちがうの|なないろ|ザ・ティッシュ～とまらない青春～|Family Complex|仮契約のシンデレラ",
477,c,2022/10/24,中山莉子生誕ソロライブ「中山莉子の生誕祭。」,生誕|ソロ,神奈川県,KT Zepp Yokohama,"MajiでKoiする5秒前 / 広末涼子|現役アイドルちゅ～ / 齊藤なぎさ(=LOVE)|スマイル / 森七菜|ペコペコリーヌ|愛のテーマ / 毛皮のマリーズ|チェリー / スピッツ|ナガレボシ|若者のすべて / フジファブリック|制服""報連相""ファンク|トキメキ的週末論|フォーエバー中坊",オメカシ・フィーバー|MISSION SURVIVOR
476,357a,2022/10/22,35710〜わたしたち10年選手〜,,東京都,LINE CUBE SHIBUYA,えびぞりダイアモンド!!|チャイム!|インディーズ懐かしメドレー|なにがなんでも|ONE LOVE|かえして!ニーソックス|Go Girl 〜恋のヴィクトリー|Pink Generation|ご存知!エビ中音頭|I'll be here@真山りか・柏木ひなた|中目黒の冬風・・・NAMIDA@安本彩花・柏木ひなた|イート・ザ・大目玉@星名美怜・柏木ひなた|愛のレンタル|シングルTONEでお願い|曇天|禁断のカルマ|ハッピーエンドとそれから|スターダストライト|さよならばいばいまたあした,イイトモ|ヘロー|Fantastic Baby Love
475,0,2022/10/18,私立恵比寿中学Major Debut 10th Anniversary 2MAN Zepp TOUR「放課後ロッケンロール」 VS ゴールデンボンバー,対バン,東京都,Zepp DiverCity,でかどんでん|仮契約のシンデレラ|オメカシ・フィーバー|きゅるん|ラブリースマイリーベイビー|売れたいエモーション!|青春ゾンビィィズ|禁断のカルマ|トキメキ的週末論|放課後ゲタ箱ロッケンロールMX|令和 /ゴールデンボンバー,
474,0,2022/10/17,私立恵比寿中学Major Debut 10th Anniversary 2MAN Zepp TOUR「放課後ロッケンロール」 VS claquepot,対バン,東京都,Zepp DiverCity,ラブリースマイリーベイビー|SHAKE! SHAKE!|なないろ|ジャンプ|自由へ道連れ|明日もきっと70点|I'll be here|きゅるん|宇宙は砂時計|禁断のカルマ|ヘロー,
473,0,2022/09/25,We sing a popular tune on the stage 題して「ちゅうおん」2022,ちゅうおん,埼玉県,秩父ミューズパーク 野外ステージ,Life from the Sun / Studio Apartment|どしゃぶりリグレット|曇天|U.B.U.|日記|ヘロー|トキメキ的週末論|お願いジーザス|感情電車|Automatic / 宇多田ヒカル@柏木ひなた|ワンダーフォーゲル / くるり@小久保柚乃|ケダモノのフレンズ / にしな@風見和香|くちばしにチェリー / EGO-WRAPPIN'@小林歌穂|It's just love / MISIA@安本彩花|情熱 / UA@桜木心菜|愛の才能 / 川本真琴@星名美怜|シンデレラボーイ / Saucy Dog@真山りか|今夜はブギー・バック / 小沢健二 featuring スチャダラパー@中山莉子|さよならばいばいまたあした|ナガレボシ|スーパーヒーロー |蛍の光|星の数え方|また明日,
472,0,2022/09/25,We sing a popular tune on the stage 題して「ちゅうおん」2022,ちゅうおん,埼玉県,秩父ミューズパーク 野外ステージ,Life from the Sun / Studio Apartment|どしゃぶりリグレット|曇天|U.B.U.|日記|ヘロー|トキメキ的週末論|幸せの貼り紙はいつも背中に|感情電車|Automatic / 宇多田ヒカル@柏木ひなた|ワンダーフォーゲル / くるり@小久保柚乃|ケダモノのフレンズ / にしな@風見和香|くちばしにチェリー / EGO-WRAPPIN'@小林歌穂|It's just love / MISIA@安本彩花|情熱 / UA@桜木心菜|愛の才能 / 川本真琴@星名美怜|シンデレラボーイ / Saucy Dog@真山りか|今夜はブギー・バック / 小沢健二 featuring スチャダラパー@中山莉子|涙は似合わない|宇宙は砂時計|スーパーヒーロー |蛍の光|ハッピーエンドとそれから|また明日,
471,0,2022/09/24,We sing a popular tune on the stage 題して「ちゅうおん」2022,ちゅうおん,埼玉県,秩父ミューズパーク 野外ステージ,Life from the Sun / Studio Apartment|どしゃぶりリグレット|曇天|U.B.U.|日記|ヘロー|トキメキ的週末論|お願いジーザス|感情電車|Automatic / 宇多田ヒカル@柏木ひなた|ワンダーフォーゲル / くるり@小久保柚乃|ケダモノのフレンズ / にしな@風見和香|くちばしにチェリー / EGO-WRAPPIN'@小林歌穂|It's just love / MISIA@安本彩花|情熱 / UA@桜木心菜|愛の才能 / 川本真琴@星名美怜|シンデレラボーイ / Saucy Dog@真山りか|今夜はブギー・バック / 小沢健二 featuring スチャダラパー@中山莉子|さよならばいばいまたあした|ナガレボシ|スーパーヒーロー |蛍の光|星の数え方|また明日,
470,0,2022/09/24,We sing a popular tune on the stage 題して「ちゅうおん」2022,ちゅうおん,埼玉県,秩父ミューズパーク 野外ステージ,Life from the Sun / Studio Apartment|どしゃぶりリグレット|曇天|U.B.U.|日記|ヘロー|トキメキ的週末論|幸せの貼り紙はいつも背中に|感情電車|Automatic / 宇多田ヒカル@柏木ひなた|ワンダーフォーゲル / くるり@小久保柚乃|ケダモノのフレンズ / にしな@風見和香|くちばしにチェリー / EGO-WRAPPIN'@小林歌穂|It's just love / MISIA@安本彩花|情熱 / UA@桜木心菜|愛の才能 / 川本真琴@星名美怜|シンデレラボーイ / Saucy Dog@真山りか|今夜はブギー・バック / 小沢健二 featuring スチャダラパー@中山莉子|涙は似合わない|宇宙は砂時計|スーパーヒーロー |蛍の光|ハッピーエンドとそれから|また明日,
469,0,2022/09/18,氣志團万博2022 ～房総魂～,,千葉県,袖ケ浦海浜公園,売れたいエモーション!|ちちんぷい|大人はわかってくれない|青春ゾンビィィズ|HOT UP!!!|Family Complex,
468,d,2022/09/16,桜木心菜生誕ソロライブ「桜木NightProm～new open～」,生誕|ソロ,東京都,恵比寿ザ・ガーデンホール,あたしきっと無限ルーパー|ダンシング・ヒーロー / 荻野目洋子|キャンディロッガー|FXXKER / ちゃんみな|Kill This Love / Black Pink|17才 / 森高千里|キミとセカイ / ももいろクローバー|深夜高速 / フラワーカンパニーズ,春休みモラトリアム中学生|あたしを彼女にしたいなら / コレサワ|Bang Bang Beat
467,0,2022/09/02,私立恵比寿中学Major Debut 10th Anniversary 2MAN Zepp TOUR「放課後ロッケンロール」 VS 石崎ひゅーい,対バン,大阪府,Zepp Osaka Bayside,愛のレンタル|宇宙は砂時計|さよなら秘密基地|仮契約のシンデレラ|スーパーヒーロー |感情電車|全力☆ランナー|星の数え方|フレ!フレ!サイリウム|ジャンプ,
466,f,2022/08/25,風見和香生誕ソロライブ「ののかまると犬の散歩～初めてのお散歩～」,生誕|ソロ,東京都,恵比寿ザ・ガーデンホール,イヤフォン・ライオット|朝顔|ラブリースマイリーベイビー|誘惑したいや|スピン / 上白石萌音|ダンデライオン〜遅咲きのたんぽぽ / 松任谷由実|I'm your MANAGER!!!|キミに100パーセント / きゃりーぱみゅぱみゅ|ナガレボシ|Heaven's Door ～陽のあたる場所～ / 栞菜智世,永遠に中学生
465,0,2022/08/23,私立恵比寿中学Major Debut 10th Anniversary 2MAN Zepp TOUR「放課後ロッケンロール」 VS 純烈,対バン,東京都,Zepp Haneda,"新未来センセーション|全力☆ランナー|愛のレンタル|自由へ道連れ|青い青い星の名前|ちがうの|星の数え方|Anytime, Anywhere|さよなら秘密基地|青春ゾンビィィズ|白い雲のように",
464,0,2022/08/22,私立恵比寿中学Major Debut 10th Anniversary 2MAN Zepp TOUR「放課後ロッケンロール」 VS ビッケブランカ,対バン,東京都,Zepp Haneda,"ハッピーエンドとそれから|さよなら秘密基地|PANDORA|HOT UP!!!|青い青い星の名前|Anytime, Anywhere|宇宙は砂時計|新未来センセーション|青春ゾンビィィズ|紅の詩|ちがうの",
463,0,2022/08/20,IDOL SQUARE Summer Festival 2022 in 日比谷野音 ～推しは推せる時に推せ～,フェス,東京都,日比谷野外大音楽堂,禁断のカルマ|仮契約のシンデレラ|MISSION SURVIVOR|青い青い星の名前|星の数え方,
462,0,2022/08/07,エビ中 夏のファミリー遠足 略してファミえん in 山中湖 2022,ファミえん,山梨県,山中湖交流プラザきらら シアターひびき,"青春ゾンビィィズ|オーマイゴースト?～わたしが悪霊になっても～|イヤフォン・ライオット|仮契約のシンデレラ|熟女になっても|ほぼブラジル|ラブリースマイリーベイビー|HOT UP!!!|ナチュメロらんでぶー|ハイタテキ!|Bang Bang Beat|いい湯かな?|誘惑したいや|明日もきっと70点|Anytime, Anywhere|YELL|エビ中出席番号の歌 その3|新未来センセーション|青い青い星の名前|シンガロン・シンガソン|サドンデス",Go!Go!Here We Go!ロック・リー|元気しかない！|永遠に中学生|なないろ
461,0,2022/08/06,エビ中 夏のファミリー遠足 略してファミえん in 山中湖 2022,ファミえん,山梨県,山中湖交流プラザきらら シアターひびき,"青春ゾンビィィズ|ラブリースマイリーベイビー|ハイタテキ!|Family Complex|Anytime, Anywhere|YELL|MISSION SURVIVOR|サドンデス|いい湯かな?|誘惑したいや|Bang Bang Beat|ハッピーエンドとそれから|ナチュメロらんでぶー|まっすぐ|トキメキ的週末論|HOT UP!!!|紅の詩|新未来センセーション|シュガーグレーズ|宇宙は砂時計|23回目のサマーナイト",エビ中出席番号の歌 その3|イヤフォン・ライオット|永遠に中学生|フレ!フレ!サイリウム
460,0,2022/07/26,私立恵比寿中学Major Debut 10th Anniversary 2MAN Zepp TOUR「放課後ロッケンロール」 VS アンジュルム,対バン,東京都,Zepp Haneda,"オメカシ・フィーバー|トキメキ的週末論|仮契約のシンデレラ|紅の詩|タデ食う虫もLike it!|愛のレンタル|誘惑したいや|感情電車|なないろ|Anytime, Anywhere|永遠に中学生",
459,0,2022/07/25,私立恵比寿中学Major Debut 10th Anniversary 2MAN Zepp TOUR「放課後ロッケンロール」 VS 岡崎体育,対バン,東京都,Zepp Haneda,"Family Complex|シンガロン・シンガソン|自由へ道連れ|ポップコーントーン|ハッピーエンドとそれから|さよなら秘密基地|宇宙は砂時計|Anytime, Anywhere|感情電車|なないろ|サドンデス",
458,0,2022/07/22,私立恵比寿中学Major Debut 10th Anniversary 2MAN Zepp TOUR「放課後ロッケンロール」 VS 氣志團,対バン,愛知県,Zepp Nagoya,えびぞりダイアモンド!!|トキメキ的週末論|未確認中学生X|さよなら秘密基地|仮契約のシンデレラ|シュガーグレーズ|ハッピーエンドとそれから|スーパーヒーロー |MISSION SURVIVOR|HOT UP!!!|放課後ゲタ箱ロッケンロールMX|永遠に中学生,
457,0,2022/07/09,私立恵比寿中学10th Anniversary Tour 2022～drawer～,春ツアー,東京都,LINE CUBE SHIBUYA,全力☆ランナー|シンガロン・シンガソン|仮契約のシンデレラ|さよなら秘密基地|シュガーグレーズ|きゅるん|トキメキ的週末論|I'll be here|愛のレンタル|未確認中学生X|春の嵐|でかどんでん@真山りか・柏木ひなた・中山莉子・風見和香|約束@小林歌穂・小久保柚乃|結ばれた想い@安本彩花・星名美怜・桜木心菜|夏だぜジョニー|ハッピーエンドとそれから|宇宙は砂時計|ナガレボシ|イエローライト|靴紐とファンファーレ|ポップコーントーン|イヤフォン・ライオット|COLOR,"青春ゾンビィィズ|Anytime, Anywhere|手をつなごう"
456,0,2022/07/03,私立恵比寿中学10th Anniversary Tour 2022～drawer～,春ツアー,神奈川県,カルッツかわさき,"全力☆ランナー|シンガロン・シンガソン|仮契約のシンデレラ|トキメキ的週末論|きゅるん|愛のレンタル|ハイタテキ!|感情電車|でかどんでん@真山りか・柏木ひなた・中山莉子・風見和香|約束@小林歌穂・小久保柚乃|結ばれた想い@安本彩花・星名美怜・桜木心菜|夏だぜジョニー|ハッピーエンドとそれから|ナガレボシ|イエローライト|Anytime, Anywhere|靴紐とファンファーレ|ポップコーントーン|イヤフォン・ライオット|COLOR",
455,5,2022/06/27,安本彩花生誕ソロライブ「歌って踊って歌謡show!!!安安」,生誕|ソロ,大阪府,なんばHatch,"夏の微熱|CDプレイヤー|カレーライス|TSUBOMI|小さな戦士|今ここだよ|華奢なリップ / ジェニーハイ|いえない (Glitch Night mix) feat. 堂村璃羽, 301, GeG, 安本彩花|宇宙は砂時計|青空gift|スーパーヒーロー（安本彩花）|呼吸","またあえるかな|君のままで|Anytime, Anywhere"
454,0,2022/06/26,私立恵比寿中学10th Anniversary Tour 2022～drawer～,春ツアー,福岡県,福岡市民会館 大ホール,"全力☆ランナー|シンガロン・シンガソン|仮契約のシンデレラ|トキメキ的週末論|きゅるん|愛のレンタル|ハイタテキ!|感情電車|でかどんでん@真山りか・柏木ひなた・中山莉子・風見和香|約束@小林歌穂・小久保柚乃|結ばれた想い@安本彩花・星名美怜・桜木心菜|夏だぜジョニー|ハッピーエンドとそれから|ナガレボシ|イエローライト|Anytime, Anywhere|靴紐とファンファーレ|ポップコーントーン|イヤフォン・ライオット|COLOR",
453,0,2022/06/21,PassCode Presents VERSUS PASSCODE 2022,対バン,東京都,豊洲PIT,売れたいエモーション!|YELL|ラブリースマイリーベイビー|仮契約のシンデレラ|イヤフォン・ライオット|シュガーグレーズ|放課後ゲタ箱ロッケンロールMX|PANDORA|大人はわかってくれない|イート・ザ・大目玉|HOT UP!!!|ジャンプ,
452,0,2022/06/18,私立恵比寿中学10th Anniversary Tour 2022～drawer～,春ツアー,千葉県,市川市文化会館 大ホール,"全力☆ランナー|シンガロン・シンガソン|仮契約のシンデレラ|トキメキ的週末論|きゅるん|愛のレンタル|ハイタテキ!|感情電車|でかどんでん@真山りか・柏木ひなた・中山莉子・風見和香|約束@小林歌穂・小久保柚乃|結ばれた想い@安本彩花・星名美怜・桜木心菜|夏だぜジョニー|ハッピーエンドとそれから|ナガレボシ|イエローライト|Anytime, Anywhere|靴紐とファンファーレ|ポップコーントーン|イヤフォン・ライオット|COLOR",
451,0,2022/06/17,私立恵比寿中学10th Anniversary Tour 2022～drawer～,春ツアー,東京都,TOKYO DOME CITY HALL,"全力☆ランナー|シンガロン・シンガソン|仮契約のシンデレラ|さよなら秘密基地|シュガーグレーズ|愛のレンタル|ハイタテキ!|感情電車|でかどんでん@真山りか・柏木ひなた・中山莉子・風見和香|約束@小林歌穂・小久保柚乃|結ばれた想い@安本彩花・星名美怜・桜木心菜|夏だぜジョニー|ハッピーエンドとそれから|宇宙は砂時計|イエローライト|Anytime, Anywhere|靴紐とファンファーレ|ポップコーントーン|イヤフォン・ライオット|COLOR",
450,5,2022/06/14,安本彩花生誕ソロライブ「歌って踊って歌謡show!!!安安」,生誕|ソロ,神奈川県,KT Zepp Yokohama,"夏の微熱|CDプレイヤー|カレーライス|TSUBOMI|小さな戦士|今ここだよ|華奢なリップ / ジェニーハイ|いえない (Glitch Night mix) feat. 堂村璃羽, 301, GeG, 安本彩花|宇宙は砂時計|青空gift|スーパーヒーロー（安本彩花）|呼吸","またあえるかな|Anytime, Anywhere|チャイム!"
449,b,2022/06/13,小林歌穂生誕ソロライブ「ぽーランド7!!!!!!!」,生誕|ソロ,神奈川県,KT Zepp Yokohama,感情電車|中央フリーウェイ / 松任谷由実|ジョバイロ / ポルノグラフィティ|ぐらりぐら想い|踊り子 / Vaundy|君をのせて / 井上あずみ|龍 / 岡崎体育|日記|ゆりかご / 吉澤嘉代子|宇宙は砂時計|Hug / Mrs. GREEN APPLE|ハッピーエンドとそれから,
448,0,2022/06/11,私立恵比寿中学10th Anniversary Tour 2022～drawer～,春ツアー,栃木県,栃木県総合文化センター メインホール,"全力☆ランナー|シンガロン・シンガソン|大人はわかってくれない|さよなら秘密基地|シュガーグレーズ|愛のレンタル|ハイタテキ!|春の嵐|でかどんでん@真山りか・柏木ひなた・中山莉子・風見和香|約束@小林歌穂・小久保柚乃|結ばれた想い@安本彩花・星名美怜・桜木心菜|夏だぜジョニー|ハッピーエンドとそれから|宇宙は砂時計|イエローライト|Anytime, Anywhere|靴紐とファンファーレ|ポップコーントーン|イヤフォン・ライオット|COLOR",
447,0,2022/06/10,私立恵比寿中学10th Anniversary Tour 2022～drawer～,春ツアー,埼玉県,川口総合文化センター・リリア メインホール,"全力☆ランナー|シンガロン・シンガソン|大人はわかってくれない|トキメキ的週末論|きゅるん|愛のレンタル|ハイタテキ!|春の嵐|でかどんでん@真山りか・柏木ひなた・中山莉子・風見和香|約束@小林歌穂・小久保柚乃|結ばれた想い@安本彩花・星名美怜・桜木心菜|夏だぜジョニー|ハッピーエンドとそれから|ナガレボシ|イエローライト|Anytime, Anywhere|靴紐とファンファーレ|ポップコーントーン|イヤフォン・ライオット|COLOR",
446,0,2022/06/03,私立恵比寿中学10th Anniversary Tour 2022～drawer～,春ツアー,東京都,J:COMホール八王子,"全力☆ランナー|シンガロン・シンガソン|大人はわかってくれない|トキメキ的週末論|きゅるん|愛のレンタル|ハイタテキ!|春の嵐|でかどんでん@真山りか・柏木ひなた・中山莉子・風見和香|約束@小林歌穂・小久保柚乃|結ばれた想い@安本彩花・星名美怜・桜木心菜|夏だぜジョニー|ハッピーエンドとそれから|ナガレボシ|イエローライト|Anytime, Anywhere|靴紐とファンファーレ|ポップコーントーン|イヤフォン・ライオット|COLOR",
445,0,2022/05/29,ハマフェスY163 Live STADIUM presented by Tresen＆関内デビル,,神奈川県,横浜スタジアム,"ラブリースマイリーベイビー|イヤフォン・ライオット|ハッピーエンドとそれから|オメカシ・フィーバー|YELL|さよなら秘密基地|Anytime, Anywhere|感情電車",
444,0,2022/05/28,私立恵比寿中学10th Anniversary Tour 2022～drawer～,春ツアー,愛知県,刈谷市総合文化センター 大ホール,"全力☆ランナー|シンガロン・シンガソン|大人はわかってくれない|さよなら秘密基地|シュガーグレーズ|愛のレンタル|ハイタテキ!|春の嵐|でかどんでん@真山りか・柏木ひなた・中山莉子・風見和香|約束@小林歌穂・小久保柚乃|結ばれた想い@安本彩花・星名美怜・桜木心菜|夏だぜジョニー|ハッピーエンドとそれから|ナガレボシ|イエローライト|Anytime, Anywhere|靴紐とファンファーレ|ポップコーントーン|イヤフォン・ライオット|COLOR",
443,0,2022/05/21,私立恵比寿中学10th Anniversary Tour 2022～drawer～,春ツアー,茨城県,ザ・ヒロサワ・シティ会館 大ホール,"全力☆ランナー|シンガロン・シンガソン|大人はわかってくれない|さよなら秘密基地|シュガーグレーズ|愛のレンタル|ハイタテキ!|春の嵐|でかどんでん@真山りか・柏木ひなた・中山莉子・風見和香|約束@小林歌穂・小久保柚乃|結ばれた想い@安本彩花・星名美怜・桜木心菜|夏だぜジョニー|ハッピーエンドとそれから|ナガレボシ|イエローライト|Anytime, Anywhere|靴紐とファンファーレ|ポップコーントーン|イヤフォン・ライオット|COLOR",
442,0,2022/05/14,私立恵比寿中学10th Anniversary Tour 2022～drawer～,春ツアー,北海道,札幌市教育文化会館 大ホール,"全力☆ランナー|シンガロン・シンガソン|梅|さよなら秘密基地|シュガーグレーズ|愛のレンタル|ハイタテキ!|春の嵐|でかどんでん@真山りか・柏木ひなた・中山莉子・風見和香|約束@小林歌穂・小久保柚乃|結ばれた想い@安本彩花・星名美怜・桜木心菜|夏だぜジョニー|ハッピーエンドとそれから|ナガレボシ|イエローライト|Anytime, Anywhere|靴紐とファンファーレ|ポップコーントーン|イヤフォン・ライオット|COLOR",
441,0,2022/05/07,Da-iCE TWO MAN LIVE TOUR 2022 -REVERSi-,,宮城県,仙台サンプラザ ホール,"I'll be here|SHAKE! SHAKE!|仮契約のシンデレラ|愛のレンタル|ハッピーエンドとそれから|感情電車|自由へ道連れ|ジャンプ|宇宙は砂時計|イヤフォン・ライオット|なないろ|Anytime, Anywhere",
440,0,2022/05/05,私立恵比寿中学10th Anniversary Tour 2022～drawer～,春ツアー,大阪府,グランキューブ大阪 メインホール,"全力☆ランナー|シンガロン・シンガソン|梅|さよなら秘密基地|シュガーグレーズ|愛のレンタル|ハイタテキ!|春の嵐|でかどんでん@真山りか・柏木ひなた・風見和香|約束@小林歌穂・小久保柚乃|結ばれた想い@安本彩花・星名美怜・桜木心菜|夏だぜジョニー|ハッピーエンドとそれから|宇宙は砂時計|イエローライト|Anytime, Anywhere|靴紐とファンファーレ|ポップコーントーン|イヤフォン・ライオット|COLOR",
439,0,2022/04/29,私立恵比寿中学10th Anniversary Tour 2022～drawer～,春ツアー,新潟県,新潟テルサ,"全力☆ランナー|シンガロン・シンガソン|梅|さよなら秘密基地|シュガーグレーズ|愛のレンタル|ハイタテキ!|春の嵐|でかどんでん@真山りか・柏木ひなた・中山莉子・風見和香|約束@小林歌穂・小久保柚乃|結ばれた想い@安本彩花・星名美怜・桜木心菜|夏だぜジョニー|ハッピーエンドとそれから|宇宙は砂時計|イエローライト|Anytime, Anywhere|靴紐とファンファーレ|ポップコーントーン|イヤフォン・ライオット|COLOR",
438,0,2022/04/24,IDOL SQUARE,フェス,東京都,大手町三井ホール,"イヤフォン・ライオット|仮契約のシンデレラ|感情電車|頑張ってる途中|ラブリースマイリーベイビー|Anytime, Anywhere",
437,a,2022/03/28,柏木ひなた生誕ソロライブ「-Interlude-」,生誕|ソロ,神奈川県,KT Zepp Yokohama,"あたしきっと無限ルーパー|Take your Original|PLAYBACK|ちがうの|I HAVE NEVER SEEN / 安室奈美恵|There will be love there -愛のある場所- / the brilliant green|Puzzle / てんかすトリオ|曇天|I'll be here|ずっとずっとずっと / 緑黄色社会|星の数え方|Anytime, Anywhere|夢の礫 / 秋山黄色",紅の詩|愛のレンタル|ありがとう / SUPER BEAVER|Family Complex
436,a,2022/03/28,柏木ひなた生誕ソロライブ「-Interlude-」,生誕|ソロ,神奈川県,KT Zepp Yokohama,"あたしきっと無限ルーパー|Take your Original|PLAYBACK|ちがうの|I HAVE NEVER SEEN / 安室奈美恵|There will be love there -愛のある場所- / the brilliant green|Puzzle / てんかすトリオ|キャンディロッガー|I'll be here|ずっとずっとずっと / 緑黄色社会|約束|Anytime, Anywhere|夢の礫 / 秋山黄色",自由へ道連れ|愛のレンタル|ありがとう / SUPER BEAVER|Family Complex
435,a,2022/03/21,柏木ひなた生誕ソロライブ「-Interlude-」,生誕|ソロ,愛知県,名古屋 ダイアモンドホール,"あたしきっと無限ルーパー|Take your Original|PLAYBACK|ちがうの|I HAVE NEVER SEEN / 安室奈美恵|There will be love there -愛のある場所- / the brilliant green|Puzzle / てんかすトリオ|曇天|I'll be here|ずっとずっとずっと / 緑黄色社会|星の数え方|Anytime, Anywhere|夢の礫 / 秋山黄色",紅の詩|愛のレンタル|ありがとう / SUPER BEAVER|Family Complex
434,a,2022/03/21,柏木ひなた生誕ソロライブ「-Interlude-」,生誕|ソロ,愛知県,名古屋 ダイアモンドホール,"あたしきっと無限ルーパー|Take your Original|PLAYBACK|ちがうの|I HAVE NEVER SEEN / 安室奈美恵|There will be love there -愛のある場所- / the brilliant green|Puzzle / てんかすトリオ|キャンディロッガー|I'll be here|ずっとずっとずっと / 緑黄色社会|約束|Anytime, Anywhere|夢の礫 / 秋山黄色",自由へ道連れ|愛のレンタル|ありがとう / SUPER BEAVER|Family Complex
433,a,2022/03/19,柏木ひなた生誕ソロライブ「-Interlude-」,生誕|ソロ,福岡県,福岡・UNITEDLAB,"あたしきっと無限ルーパー|Take your Original|PLAYBACK|ちがうの|I HAVE NEVER SEEN / 安室奈美恵|There will be love there -愛のある場所- / the brilliant green|Puzzle / てんかすトリオ|曇天|I'll be here|ずっとずっとずっと / 緑黄色社会|星の数え方|Anytime, Anywhere|夢の礫 / 秋山黄色",紅の詩|愛のレンタル|ありがとう / SUPER BEAVER|Family Complex
432,a,2022/03/19,柏木ひなた生誕ソロライブ「-Interlude-」,生誕|ソロ,福岡県,福岡・UNITEDLAB,"あたしきっと無限ルーパー|Take your Original|PLAYBACK|ちがうの|I HAVE NEVER SEEN / 安室奈美恵|There will be love there -愛のある場所- / the brilliant green|Puzzle / てんかすトリオ|キャンディロッガー|I'll be here|ずっとずっとずっと / 緑黄色社会|約束|Anytime, Anywhere|夢の礫 / 秋山黄色",自由へ道連れ|愛のレンタル|ありがとう / SUPER BEAVER|Family Complex
431,a,2022/02/25,柏木ひなた生誕ソロライブ「-Interlude-」,生誕|ソロ,大阪府,なんばHatch,"あたしきっと無限ルーパー|Take your Original|PLAYBACK|ちがうの|I HAVE NEVER SEEN / 安室奈美恵|I LOVE YOU / クリス・ハート|Puzzle / てんかすトリオ|曇天|I'll be here|ずっとずっとずっと / 緑黄色社会|星の数え方|Anytime, Anywhere|夢の礫 / 秋山黄色",自由へ道連れ|愛のレンタル|ありがとう / SUPER BEAVER|Family Complex
430,a,2022/02/25,柏木ひなた生誕ソロライブ「-Interlude-」,生誕|ソロ,大阪府,なんばHatch,"あたしきっと無限ルーパー|Take your Original|PLAYBACK|ちがうの|I HAVE NEVER SEEN / 安室奈美恵|I LOVE YOU / クリス・ハート|Puzzle / てんかすトリオ|キャンディロッガー|I'll be here|ずっとずっとずっと / 緑黄色社会|約束|Anytime, Anywhere|夢の礫 / 秋山黄色",イート・ザ・大目玉|愛のレンタル|ありがとう / SUPER BEAVER|Family Complex
429,a,2022/02/23,柏木ひなた生誕ソロライブ「-Interlude-」,生誕|ソロ,宮城県,SENDAI GIGS,"あたしきっと無限ルーパー|Take your Original|PLAYBACK|ちがうの|I HAVE NEVER SEEN / 安室奈美恵|I LOVE YOU / クリス・ハート|Puzzle / てんかすトリオ|曇天|I'll be here|ずっとずっとずっと / 緑黄色社会|星の数え方|Anytime, Anywhere|夢の礫 / 秋山黄色",自由へ道連れ|愛のレンタル|ありがとう / SUPER BEAVER|Family Complex
428,a,2022/02/23,柏木ひなた生誕ソロライブ「-Interlude-」,生誕|ソロ,宮城県,SENDAI GIGS,"あたしきっと無限ルーパー|Take your Original|PLAYBACK|ちがうの|I HAVE NEVER SEEN / 安室奈美恵|I LOVE YOU / クリス・ハート|Puzzle / てんかすトリオ|キャンディロッガー|I'll be here|ずっとずっとずっと / 緑黄色社会|約束|Anytime, Anywhere|夢の礫 / 秋山黄色",イート・ザ・大目玉|愛のレンタル|ありがとう / SUPER BEAVER|Family Complex
427,a,2022/02/21,柏木ひなた生誕ソロライブ「-Interlude-」,生誕|ソロ,東京都,Zepp Haneda,"あたしきっと無限ルーパー|Take your Original|PLAYBACK|ちがうの|I HAVE NEVER SEEN / 安室奈美恵|I LOVE YOU / クリス・ハート|Puzzle / てんかすトリオ|曇天|I'll be here|ずっとずっとずっと / 緑黄色社会|星の数え方|Anytime, Anywhere|夢の礫 / 秋山黄色",自由へ道連れ|愛のレンタル|ありがとう / SUPER BEAVER|Family Complex
426,a,2022/02/21,柏木ひなた生誕ソロライブ「-Interlude-」,生誕|ソロ,東京都,Zepp Haneda,"あたしきっと無限ルーパー|Take your Original|PLAYBACK|ちがうの|I HAVE NEVER SEEN / 安室奈美恵|I LOVE YOU / クリス・ハート|Puzzle / てんかすトリオ|キャンディロッガー|I'll be here|ずっとずっとずっと / 緑黄色社会|約束|Anytime, Anywhere|夢の礫 / 秋山黄色",イート・ザ・大目玉|愛のレンタル|ありがとう / SUPER BEAVER|Family Complex
425,0,2022/02/12,FC会員限定イベント「エビ中会員限定ファン感謝デー2022」,FCイベント,神奈川県,パシフィコ横浜 国立大ホール,"エビ中一週間|仮契約のシンデレラ|誘惑したいや|ラブリースマイリーベイビー|シンガロン・シンガソン|HOT UP!!!|MISSION SURVIVOR|またあえるかな@風見和香|ペコペコリーヌ@小久保柚乃|ぐらりぐら想い@桜木心菜|Liar Mask@中山莉子|春休みモラトリアム中学生|Lon de Don|オメカシ・フィーバー|元気しかない！|イヤフォン・ライオット|Anytime, Anywhere",
424,0,2022/02/12,FC会員限定イベント「エビ中会員限定ファン感謝デー2022」,FCイベント,神奈川県,パシフィコ横浜 国立大ホール,"エビ中一週間|仮契約のシンデレラ|誘惑したいや|ラブリースマイリーベイビー|ハイタテキ!|イート・ザ・大目玉|MISSION SURVIVOR|ぐらりぐら想い@桜木心菜|ペコペコリーヌ@小久保柚乃|またあえるかな@風見和香|キミに39@真山りか|春休みモラトリアム中学生|Lon de Don|オメカシ・フィーバー|元気しかない！|イヤフォン・ライオット|Anytime, Anywhere",
423,3,2022/01/18,真山りか生誕ソロライブ「まやまにあ-Level.6-」,生誕|ソロ,東京都,Zepp DiverCity,キラキラネスキラネス|真夜中のドア〜stay with me / 松原みき|SWEET MEMORIES / 松田聖子|だいすき / 岡村靖幸|シアワセ / aiko|HELLO / Official髭男dism|1/2 / 川本真琴|Liar Mask|春の嵐|蜃気楼|愛のレンタル|さよならばいばいまたあした,"輝きだして走ってく / サンボマスター|Anytime, Anywhere"
422,3,2022/01/18,真山りか生誕ソロライブ「まやまにあ-Level.6-」,生誕|ソロ,東京都,Zepp DiverCity,キラキラネスキラネス|真夜中のドア〜stay with me / 松原みき|SWEET MEMORIES / 松田聖子|だいすき / 岡村靖幸|ストロー / aiko|HELLO / Official髭男dism|オレンジ / とらドラ!|Liar Mask|春の嵐|蜃気楼|愛のレンタル|さよならばいばいまたあした,"輝きだして走ってく / サンボマスター|Anytime, Anywhere"
421,0,2021/12/31,第5回 ももいろ歌合戦,,,,"Anytime, Anywhere",
420,0,2021/12/28,私立恵比寿中学 大学芸会2021～Reboot～,,東京都,東京ガーデンシアター,イヤフォン・ライオット|Family Complex|ちちんぷい|オメカシ・フィーバー|SHAKE! SHAKE!|頑張ってる途中|サドンデス|イエローライト|君のままで@安本彩花・風見和香|フユコイ@真山りか・星名美怜・小林歌穂・小久保柚乃|アンコールの恋@柏木ひなた・中山莉子・桜木心菜|EBINOMICS|イート・ザ・大目玉|HOT UP!!!|YELL|スーパーヒーロー |星の数え方|仮契約のシンデレラ|スターダストライト|感情電車|ジャンプ|なないろ,"えびぞりダイアモンド!!|自由へ道連れ|響|Anytime, Anywhere|"
419,0,2021/12/27,私立恵比寿中学 大学芸会2021～Reboot～,,東京都,東京ガーデンシアター,イヤフォン・ライオット|Family Complex|ちちんぷい|オメカシ・フィーバー|SHAKE! SHAKE!|頑張ってる途中|サドンデス|イエローライト|君のままで@安本彩花・風見和香|フユコイ@真山りか・星名美怜・小林歌穂・小久保柚乃|アンコールの恋@柏木ひなた・中山莉子・桜木心菜|EBINOMICS|イート・ザ・大目玉|HOT UP!!!|YELL|スーパーヒーロー |星の数え方|仮契約のシンデレラ|スターダストライト|感情電車|ジャンプ|なないろ,"シンガロン・シンガソン|自由へ道連れ|響|Anytime, Anywhere|"
418,7,2021/11/10,星名美怜生誕ソロライブ「PINK DOLL HOUSE:4」,生誕|ソロ,東京都,Zepp DiverCity,PANDORA|自由へ道連れ|紅の詩|あなたのダンスで騒がしい|How You Like That / BLACKPINK|愛のレンタル|うっせぇわ / Ado|GLAMOROUS SKY / 中島美嘉|イート・ザ・大目玉|ハイタテキ!,Family Complex|微笑み|キミに39
417,0,2021/11/06,私立恵比寿中学秋田分校～おらが美の国フェス2021～,秋田分校,秋田県,秋田市文化会館 大ホール,イヤフォン・ライオット|オメカシ・フィーバー|エビ中一週間|ラブリースマイリーベイビー|シンガロン・シンガソン|大人はわかってくれない|HOT UP!!!|ハイタテキ!|YELL|頑張ってる途中,
416,0,2021/10/30,スタプラアイドルフェスティバル～今宵、2人目のシンデレラが決まる～,,,,天下一品 ～みちのく革命～@真山りか・星名美怜・いぎなり東北産|頑張ってる途中＠メドレー with ばってん少女隊・アメフラっシ・いぎなり東北産・ukka・播磨かな|ダイビング@小林歌穂・中山莉子・スタプラ成人組|雑踏の中で / アメフラっシ@with アメフラっシ|愛のレンタル|サドンデス@with ばってん少女隊・超ときめき♡宣伝部)|スーパーヒーロー,
415,c,2021/10/12,中山莉子生誕ソロライブ「中山莉子の生誕祭。」,生誕|ソロ,東京都,Zepp DiverCity,ハイタテキ!|鬼 / 吉澤嘉代子|コミックガール|愛のために / 奥田民生|summer dejavu|さよならばいばいまたあした|空も飛べるはず / ねごと,"ペコペコリーヌ|制服""報連相""ファンク|オメカシ・フィーバー"
414,0,2021/10/02,TOKYO IDOL FESTIVAL,フェス,東京都,お台場 青海周辺エリア,オーマイゴースト?～わたしが悪霊になっても～|イヤフォン・ライオット|オメカシ・フィーバー|仮契約のシンデレラ|大人はわかってくれない|HOT UP!!!,
413,0,2021/09/26,エビ中 秋声と螻蛄と音楽の輝き 題して「ちゅうおん」2021,ちゅうおん,埼玉県,秩父ミューズパーク 野外ステージ,LIFE|summer dejavu|誘惑したいや|朝顔|頑張ってる途中|大人はわかってくれない|トレンディガール|フユコイ|イエローライト|シャングリラ / チャットモンチー@小久保柚乃|CITRUS / Da-iCE@安本彩花|真夜中のドア〜stay with me / 松原みき@真山りか|ダンデライオン〜遅咲きのたんぽぽ / 松任谷由実@風見和香|黒毛和牛上塩タン焼680円 / 大塚愛@小林歌穂|深夜高速 / フラワーカンパニーズ@桜木心菜|GLAMOROUS SKY / NANA starring MIKA NAKASHIMA@星名美怜|ナンダカンダ / 藤井隆@中山莉子|白日 / King Gnu@柏木ひなた|青い青い星の名前|中人DANCE MUSIC|なないろ|約束|蛍の光|イヤフォン・ライオット,
412,0,2021/09/26,エビ中 秋声と螻蛄と音楽の輝き 題して「ちゅうおん」2021,ちゅうおん,埼玉県,秩父ミューズパーク 野外ステージ,LIFE|summer dejavu|誘惑したいや|朝顔|頑張ってる途中|COLOR|あなたのダンスで騒がしい|フユコイ|イエローライト|シャングリラ / チャットモンチー@小久保柚乃|CITRUS / Da-iCE@安本彩花|真夜中のドア〜stay with me / 松原みき@真山りか|ダンデライオン〜遅咲きのたんぽぽ / 松任谷由実@風見和香|黒毛和牛上塩タン焼680円 / 大塚愛@小林歌穂|深夜高速 / フラワーカンパニーズ@桜木心菜|GLAMOROUS SKY / NANA starring MIKA NAKASHIMA@星名美怜|ナンダカンダ / 藤井隆@中山莉子|白日 / King Gnu@柏木ひなた|青い青い星の名前|自由へ道連れ|なないろ|約束|蛍の光|イヤフォン・ライオット,
411,0,2021/09/25,エビ中 秋声と螻蛄と音楽の輝き 題して「ちゅうおん」2021,ちゅうおん,埼玉県,秩父ミューズパーク 野外ステージ,LIFE|summer dejavu|誘惑したいや|朝顔|頑張ってる途中|大人はわかってくれない|トレンディガール|フユコイ|イエローライト|シャングリラ / チャットモンチー@小久保柚乃|CITRUS / Da-iCE@安本彩花|真夜中のドア〜stay with me / 松原みき@真山りか|ダンデライオン〜遅咲きのたんぽぽ / 松任谷由実@風見和香|黒毛和牛上塩タン焼680円 / 大塚愛@小林歌穂|深夜高速 / フラワーカンパニーズ@桜木心菜|GLAMOROUS SKY / NANA starring MIKA NAKASHIMA@星名美怜|ナンダカンダ / 藤井隆@中山莉子|白日 / King Gnu@柏木ひなた|青い青い星の名前|中人DANCE MUSIC|なないろ|約束|蛍の光|イヤフォン・ライオット,
410,0,2021/09/25,エビ中 秋声と螻蛄と音楽の輝き 題して「ちゅうおん」2021,ちゅうおん,埼玉県,秩父ミューズパーク 野外ステージ,LIFE|summer dejavu|誘惑したいや|朝顔|頑張ってる途中|COLOR|あなたのダンスで騒がしい|フユコイ|イエローライト|シャングリラ / チャットモンチー@小久保柚乃|CITRUS / Da-iCE@安本彩花|真夜中のドア〜stay with me / 松原みき@真山りか|ダンデライオン〜遅咲きのたんぽぽ / 松任谷由実@風見和香|黒毛和牛上塩タン焼680円 / 大塚愛@小林歌穂|深夜高速 / フラワーカンパニーズ@桜木心菜|GLAMOROUS SKY / NANA starring MIKA NAKASHIMA@星名美怜|ナンダカンダ / 藤井隆@中山莉子|白日 / King Gnu@柏木ひなた|青い青い星の名前|自由へ道連れ|なないろ|約束|蛍の光|イヤフォン・ライオット,
409,0,2021/08/29,＠JAM EXPO 2020-2021,,神奈川県,横浜アリーナ,ラブリースマイリーベイビー|YELL|ハイタテキ!|仮契約のシンデレラ|誘惑したいや|イヤフォン・ライオット,
408,0,2021/07/23,横浜ダンスパラダイス2021,,神奈川県,クイーンズスクエア横浜,YELL|なないろ|仮契約のシンデレラ,
407,0,2021/07/18,NUMBER SHOT 2021,,福岡県,福岡PayPayドーム,星の数え方|なないろ|自由へ道連れ|愛のレンタル|HOT UP!!!|ジャンプ,
406,0,2021/06/26,私立恵比寿中学 Concept Live 〜MOVE〜,春ツアー,愛知県,日本特殊陶業市民会館 フォレストホール,あたしきっと無限ルーパー|CHAN-CHARA-CHAN|HOT UP!!!|シンガロン・シンガソン|曇天|踊るロクデナシ|自由へ道連れ|Family Complex|藍色のMonday@星名美怜・小林歌穂・中山莉子|日進月歩@真山りか・柏木|PLAYBACK|愛のレンタル|Lon de Don|パクチー|バタフライエフェクト|イエローライト|シングルTONEでお願い|I'll be here|参枚目のタフガキ|ジャンプ|響,
405,0,2021/06/19,YATSUI FESTIVAL! 2021,フェス,配信,配信,I'll be here|PANDORA|愛のレンタル|SHAKE! SHAKE!|オメカシ・フィーバー|HOT UP!!!|ちちんぷい,
404,0,2021/06/12,私立恵比寿中学 Concept Live 〜MOVE〜,春ツアー,神奈川県,カルッツかわさき,あたしきっと無限ルーパー|CHAN-CHARA-CHAN|HOT UP!!!|シンガロン・シンガソン|曇天|全力☆ランナー|踊るロクデナシ|自由へ道連れ|藍色のMonday@星名美怜・小林歌穂・中山莉子|日進月歩@真山りか・柏木|PLAYBACK|愛のレンタル|Lon de Don|パクチー|バタフライエフェクト|イエローライト|シングルTONEでお願い|I'll be here|参枚目のタフガキ|ジャンプ,
403,b,2021/06/10,小林歌穂生誕ソロライブ「ぽーランド6!!!!!!」,生誕|ソロ,東京都,Zepp Tokyo,ぐらりぐら想い|ダンデライオン〜遅咲きのたんぽぽ / 松任谷由実|お願いジーザス|movie / 吉澤嘉代子|フユコイ|風になる / つじあやの|ハナノユメ / チャットモンチー|青い青い星の名前@小林歌穂・中山莉子|リフレインが、ずっと@小林歌穂・中山莉子|ポップコーントーン,
402,0,2021/06/06,私立恵比寿中学 Concept Live 〜MOVE〜,春ツアー,埼玉県,大宮ソニックシティ 大ホール,あたしきっと無限ルーパー|CHAN-CHARA-CHAN|HOT UP!!!|シンガロン・シンガソン|曇天|全力☆ランナー|踊るロクデナシ|自由へ道連れ|藍色のMonday@星名美怜・小林歌穂・中山莉子|日進月歩@真山りか・柏木|PLAYBACK|愛のレンタル|Lon de Don|パクチー|バタフライエフェクト|イエローライト|シングルTONEでお願い|I'll be here|参枚目のタフガキ|ジャンプ,
401,0,2021/05/05,私立恵比寿中学メジャーデビュー9周年記念ライブ初夏のエビ増量キャンペーン,,配信,配信,"シンガロン・シンガソン|YELL|ハイタテキ!|自由へ道連れ|あなたのダンスで騒がしい|制服""報連相""ファンク|未確認中学生X|23回目のサマーナイト|朝顔|仮契約のシンデレラ|青い青い星の名前|SHAKE! SHAKE!|MISSION SURVIVOR|ジャンプ|君のままで|熟女になっても|感情電車",
400,0,2021/05/05,私立恵比寿中学メジャーデビュー9周年記念ライブ,,配信,配信,えびぞりダイアモンド!!|チャイム!|ザ・ティッシュ～とまらない青春～|オーマイゴースト?～わたしが悪霊になっても～|もっと走れっ!!|仮契約のシンデレラ|Go!Go!Here We Go!ロック・リー|梅|手をつなごう|未確認中学生X|バタフライエフェクト|ハイタテキ!|夏だぜジョニー|スーパーヒーロー |まっすぐ|シンガロン・シンガソン|でかどんでん|トレンディガール,
399,0,2021/04/30,私立恵比寿中学 Best at the moment series「6Voices」,春ツアー,神奈川県,パシフィコ横浜 国立大ホール,"オメカシ・フィーバー|制服""報連相""ファンク|放課後ゲタ箱ロッケンロールMX|感情電車|SHAKE! SHAKE!|ラブリースマイリーベイビー|I'll be here|紅の詩|スーパーヒーロー |未確認中学生X|藍色のMonday|PANDORA|涙は似合わない|君のままで|ジャンプ|愛のレンタル|大人はわかってくれない|春の嵐|HISTORY|Family Complex|イエローライト|サドンデス",
398,3,2021/04/15,真山りか生誕ソロライブ「まやまにあ-Level.5-」,生誕|ソロ,東京都,Zepp Tokyo,曇天|踊るロクデナシ|テブラデスキー～青春リバティ～|イー・アル・サディスティック|I'll be here|接吻 / ORIGINAL LOVE|ココア / aiko|Shen-Shen Passion Night|あなたのダンスで騒がしい|ありあまる富 / 椎名林檎|虹 / フジファブリック|結ばれた想い|蜃気楼|愛のレンタル|HOT UP!!!|イエローライト|蛍の光|Liar Mask,
397,3,2021/04/15,真山りか生誕ソロライブ「まやまにあ-Level.5-」,生誕|ソロ,東京都,Zepp Tokyo,曇天|愛のレンタル|紅の詩|イー・アル・サディスティック|老醜ブレイカー|接吻 / ORIGINAL LOVE|ココア / aiko|Shen-Shen Passion Night|あなたのダンスで騒がしい|誘惑したいや|ありあまる富 / 椎名林檎|虹 / フジファブリック|蜃気楼|春の嵐|HOT UP!!!|イエローライト|蛍の光|Liar Mask,
396,0,2021/04/03,私立恵比寿中学 Best at the moment series「6Voices」,春ツアー,福岡県,福岡サンパレス,"オメカシ・フィーバー|制服""報連相""ファンク|放課後ゲタ箱ロッケンロールMX|感情電車|SHAKE! SHAKE!|EBINOMICS|手をつなごう|I'll be here|紅の詩|未確認中学生X|藍色のMonday|PANDORA|熟女になっても|君のままで|ジャンプ|愛のレンタル|禁断のカルマ|春の嵐|星の数え方|まっすぐ|イエローライト",
395,a,2021/03/29,柏木ひなた生誕ソロライブ「over the moon」,生誕|ソロ,東京都,Zepp DiverCity,自由へ道連れ|How to be a Girl / 安室奈美恵|お願いジーザス|I'll be here|Lemon / 米津玄師|夜に駆ける / YOASOBI|月と太陽 / 太陽とシスコムーン@柏木ひなた・小湊美和|永遠のトリニティー@柏木ひなた・小湊美和|光年の愛@柏木ひなた・小湊美和|HEY!真昼の蜃気楼 / T&Cボンバー@柏木ひなた・小湊美和|イート・ザ・大目玉@柏木ひなた・小湊美和|江南宵唄 / Negicco|チャイム!|愛のレンタル,春休みモラトリアム中学生|ray / BUMP OF CHICKEN|涙は似合わない|Take your Original
394,a,2021/03/29,柏木ひなた生誕ソロライブ「over the moon」,生誕|ソロ,東京都,Zepp DiverCity,自由へ道連れ|How to be a Girl / 安室奈美恵|お願いジーザス|I'll be here|夜に駆ける / YOASOBI|ガタメキラ / 太陽とシスコムーン@柏木ひなた・小湊美和|たそがれシアター@柏木ひなた・小湊美和|光年の愛@柏木ひなた・小湊美和|HEY!真昼の蜃気楼 / T&Cボンバー@柏木ひなた・小湊美和|イート・ザ・大目玉@柏木ひなた・小湊美和|江南宵唄 / Negicco|夜空ノムコウ / SMAP|愛のレンタル,春休みモラトリアム中学生|ray / BUMP OF CHICKEN|涙は似合わない
393,0,2021/03/27,私立恵比寿中学 Best at the moment series「6Voices」,春ツアー,大阪府,グランキューブ大阪 メインホール,"オメカシ・フィーバー|制服""報連相""ファンク|放課後ゲタ箱ロッケンロールMX|感情電車|SHAKE! SHAKE!|ラブリースマイリーベイビー|手をつなごう|I'll be here|紅の詩|売れたいエモーション!|藍色のMonday|PANDORA|チャイム!|君のままで|ジャンプ|愛のレンタル|禁断のカルマ|春の嵐|バタフライエフェクト|HOT UP!!!|イエローライト",
392,0,2021/03/26,私立恵比寿中学 Best at the moment series「6Voices」,春ツアー,大阪府,グランキューブ大阪 メインホール,"オメカシ・フィーバー|制服""報連相""ファンク|きっとインフィニティー!|感情電車|SHAKE! SHAKE!|EBINOMICS|どしゃぶりリグレット|I'll be here|紅の詩|踊るガリ勉中学生|藍色のMonday|PANDORA|熟女になっても|君のままで|ジャンプ|愛のレンタル|大人はわかってくれない|春の嵐|バタフライエフェクト|イート・ザ・大目玉|イエローライト",
391,a,2021/03/16,柏木ひなた生誕ソロライブ「over the moon」,生誕|ソロ,大阪府,なんばHatch,I'll be here|How to be a Girl / 安室奈美恵|TOO SHY SHY BOY! / 観月ありさ|恋ごころ / Da-iCE|結ばれた想い|夜に駆ける / YOASOBI|Sunrise それでも陽は昇る / 太陽とシスコムーン@柏木ひなた・小湊美和|宇宙戦争宣戦布告@柏木ひなた・小湊美和|ガタメキラ / 太陽とシスコムーン@柏木ひなた・小湊美和|リフレインが、ずっと@柏木ひなた・小湊美和|夜空ノムコウ / SMAP|江南宵唄 / Negicco|愛のレンタル,Wonderland / iri|サイレントマジョリティー / 欅坂46|自由へ道連れ
390,a,2021/03/16,柏木ひなた生誕ソロライブ「over the moon」,生誕|ソロ,大阪府,なんばHatch,I'll be here|How to be a Girl / 安室奈美恵|TOO SHY SHY BOY! / 観月ありさ|恋ごころ / Da-iCE|結ばれた想い|夜に駆ける / YOASOBI|Sunrise それでも陽は昇る / 太陽とシスコムーン@柏木ひなた・小湊美和|イート・ザ・大目玉@柏木ひなた・小湊美和|宇宙でLa Ta Ta / 太陽とシスコムーン@柏木ひなた・小湊美和|リフレインが、ずっと@柏木ひなた・小湊美和|夜空ノムコウ / SMAP|江南宵唄 / Negicco|愛のレンタル,Wonderland / iri|サイレントマジョリティー / 欅坂46|自由へ道連れ
389,a,2021/03/15,柏木ひなた生誕ソロライブ「over the moon」,生誕|ソロ,愛知県,Diamond Hall,I'll be here|How to be a Girl / 安室奈美恵|TOO SHY SHY BOY! / 観月ありさ|恋ごころ / Da-iCE|結ばれた想い|夜に駆ける / YOASOBI|宇宙でLa Ta Ta / 太陽とシスコムーン@柏木ひなた・小湊美和|宇宙戦争宣戦布告|Be My Love / T&Cボンバー@柏木ひなた・小湊美和|イート・ザ・大目玉@柏木ひなた・小湊美和|夜空ノムコウ / SMAP|江南宵唄 / Negicco|愛のレンタル,Wonderland / iri|サイレントマジョリティー / 欅坂46|自由へ道連れ
388,a,2021/03/15,柏木ひなた生誕ソロライブ「over the moon」,生誕|ソロ,愛知県,Diamond Hall,I'll be here|How to be a Girl / 安室奈美恵|TOO SHY SHY BOY! / 観月ありさ|恋ごころ / Da-iCE|結ばれた想い|夜に駆ける / YOASOBI|月と太陽 / 太陽とシスコムーン@柏木ひなた・小湊美和|たそがれシアター@柏木ひなた・小湊美和|Be My Love / T&Cボンバー@柏木ひなた・小湊美和|イート・ザ・大目玉@柏木ひなた・小湊美和|夜空ノムコウ / SMAP|江南宵唄 / Negicco|愛のレンタル,Wonderland / iri|サイレントマジョリティー / 欅坂46|自由へ道連れ
387,0,2021/03/14,私立恵比寿中学 Best at the moment series「6Voices」,春ツアー,愛知県,日本特殊陶業市民会館 フォレストホール,"オメカシ・フィーバー|制服""報連相""ファンク|きっとインフィニティー!|感情電車|SHAKE! SHAKE!|ラブリースマイリーベイビー|どしゃぶりリグレット|I'll be here|紅の詩|踊るガリ勉中学生|藍色のMonday|PANDORA|チャイム!|君のままで|ジャンプ|愛のレンタル|禁断のカルマ|春の嵐|でかどんでん|シンガロン・シンガソン|イエローライト",
386,0,2021/03/06,私立恵比寿中学 Best at the moment series「6Voices」,春ツアー,宮城県,仙台サンプラザ ホール,"オメカシ・フィーバー|制服""報連相""ファンク|きっとインフィニティー!|感情電車|SHAKE! SHAKE!|ラブリースマイリーベイビー|手をつなごう|I'll be here|紅の詩|踊るガリ勉中学生|藍色のMonday|PANDORA|熟女になっても|君のままで|ジャンプ|愛のレンタル|禁断のカルマ|春の嵐|響|なないろ|イエローライト",
385,0,2021/03/02,Dive/Connect,,配信,配信,あたしきっと無限ルーパー|あなたのダンスで騒がしい|曇天|愛のレンタル|踊るロクデナシ|パクチー|全力☆ランナー|君のままで|自由へ道連れ|春の嵐|I'll be here|参枚目のタフガキ,
384,0,2021/02/21,FC会員限定イベント「エビ中会員限定ファン感謝デー2021」,FCイベント,神奈川県,パシフィコ横浜 国立大ホール,大漁恵比寿節|イート・ザ・大目玉|春休みモラトリアム中学生|SHAKE / SMAP|いつかのメイドインジャピャ～ン|I'll be here|靴紐とファンファーレ|トレンディガール|ジャンプ|大好きだよ|誘惑したいや|ちがうの|スウィーテスト・多忙。|Make you happy / NiziU|PANDORA|オメカシ・フィーバー|23回目のサマーナイト,
383,0,2021/02/21,FC会員限定イベント「エビ中会員限定ファン感謝デー2021」,FCイベント,神奈川県,パシフィコ横浜 国立大ホール,大漁恵比寿節|イート・ザ・大目玉|春休みモラトリアム中学生|SHAKE / SMAP|いつかのメイドインジャピャ～ン|I'll be here|日進月歩|トレンディガール|ジャンプ|大好きだよ|誘惑したいや|明日もきっと70点|フレ!フレ!サイリウム|Make you happy / NiziU|PANDORA|オメカシ・フィーバー|23回目のサマーナイト,
382,0,2020/12/31,第4回 ももいろ歌合戦,,,,仮契約のシンデレラ|えびぞりダイアモンド!!,
381,0,2020/12/27,バンドのみんなと大学芸会2020 エビ中とニューガムラッド,大学芸会,東京都,東京ガーデンシアター,Family Complex|キャンディロッガー|ラブリースマイリーベイビー|ハイタテキ!|Go!Go!Here We Go!ロック・リー|SHAKE! SHAKE!|EBINOMICS|I'll be here|愛のレンタル|自由へ道連れ|曇天@with 吉澤嘉代子|ねぇ中学生@with 吉澤嘉代子 / 吉澤嘉代子|面皰@with 吉澤嘉代子|PLAYBACK|幸せの貼り紙はいつも背中に|大人はわかってくれない@with たむらぱん|ポップコーントーン@with たむらぱん|イエローライト@with たむらぱん|仮契約のシンデレラ|YELL|オメカシ・フィーバー|HOT UP!!!|ジャンプ|スーパーヒーロー,
380,0,2020/12/26,バンドのみんなと大学芸会2020 エビ中とニューガムラッド,大学芸会,東京都,東京ガーデンシアター,"Family Complex|制服""報連相""ファンク|ラブリースマイリーベイビー|ハイタテキ!|売れたいエモーション!|SHAKE! SHAKE!|EBINOMICS|I'll be here|あたしきっと無限ルーパー|使ってポートフォリオ|曇天|愛のレンタル|自由へ道連れ|PLAYBACK|幸せの貼り紙はいつも背中に|大人はわかってくれない@with たむらぱん|感情電車@with たむらぱん|イエローライト@with たむらぱん|仮契約のシンデレラ|YELL|オメカシ・フィーバー|HOT UP!!!|ジャンプ|スーパーヒーロー",
379,0,2020/12/18,バンドのみんなと大学芸会2020 エビ中とニューガムラッド,大学芸会,東京都,東京国際フォーラム ホール,Family Complex|キャンディロッガー|ラブリースマイリーベイビー|ハイタテキ!|売れたいエモーション!|SHAKE! SHAKE!|EBINOMICS|I'll be here|きっとインフィニティー!|使ってポートフォリオ|曇天|愛のレンタル|自由へ道連れ|PLAYBACK|幸せの貼り紙はいつも背中に|大人はわかってくれない|COLOR|イエローライト|仮契約のシンデレラ|YELL|オメカシ・フィーバー|HOT UP!!!|ジャンプ|スーパーヒーロー,
378,7,2020/10/11,星名美怜生誕ソロライブ「PINK DOLL HOUSE:3」,生誕|ソロ,東京都,品川プリンスホテル ステラボール,キングオブ学芸会のテーマ～Nu Skool Teenage Riot～|青い青い星の名前|SHAKE! SHAKE!|シンガロン・シンガソン|君に晴れ / ヨルシカ|23回目のサマーナイト|愛のレンタル|裸の心 / あいみょん|あなたがここにいて抱きしめることができるなら/miwa|イート・ザ・大目玉|PANDORA,オメカシ・フィーバー|タマシイレボリューション / Superfly|キミに39
377,c,2020/10/11,中山莉子生誕ソロライブ「中山莉子の生誕祭。」,生誕|ソロ,東京都,品川プリンスホテル ステラボール,ペコペコリーヌ|大好きだよ|あるあるフラダンス|23回目のサマーナイト|ラブリースマイリーベイビー|Thank you My teens / YUI|ヒカリヘ / miwa|ねぇバーディア / Negicco,"制服""報連相""ファンク|オメカシ・フィーバー"
376,5,2020/10/10,安本彩花生誕ソロライブ「歌って踊って歌謡show!!!安安」,生誕|ソロ,東京都,品川プリンスホテル ステラボール,ちがうの|CDプレイヤー|I'll be here|ポップコーントーン|カレーライス|熟女になっても|愛のレンタル|ジャンプ@アカペラver.|エクレア / 岡崎体育|TSUBOMI|スーパーヒーロー（安本彩花）,
375,b,2020/10/10,小林歌穂生誕ソロライブ「ぽーランド5!!!!!」,生誕|ソロ,東京都,品川プリンスホテル ステラボール,Hello again / My Little Lover|やさしい気持ち / CHARA|ロビンソン / スピッツ|イラスト講座|糸 / 中島みゆき|LOVE LOVE LOVE /DREAMS COME|やさしさに包まれたなら / 松任谷由実|泣き虫ジュゴン / 吉澤嘉代子|人生のパレード / チャラン・ポ・ランタン|STARMANN / YUKI|ぐらりぐら想い|日記,
374,a,2020/10/07,柏木ひなた生誕ソロライブ「Next to you」,生誕|ソロ,東京都,新木場STUDIO COAST,キングオブ学芸会のテーマ～Nu Skool Teenage Riot～|青い青い星の名前|SHAKE! SHAKE!|シンガロン・シンガソン|君に晴れ / ヨルシカ|23回目のサマーナイト|愛のレンタル|裸の心 / あいみょん|あなたがここにいて抱きしめることができるなら / miwa|イート・ザ・大目玉|PANDORA,かもめが翔んだ日 / 渡辺真知子|頑張ってる途中|WOW WAR TONIGHT /H Jungle With T|Everyday Everywhere / 太陽とシスコムーン
373,a,2020/10/07,柏木ひなた生誕ソロライブ「Next to you」,生誕|ソロ,東京都,新木場STUDIO COAST,Steal my Night / 安室奈美恵|VALENTI / BoA|Do it now! / モーニング娘。|好きすぎてバカみたい / DEF.DIVA|I'll be here|ガタメキラ / 太陽とシスコムーン|あなたのダンスで騒がしい|さよならばいばいまたあした|一番綺麗な私を / 中島美嘉|I Believe / 絢香|Silly / 家入レオ|星の数え方|奏 / スキマスイッチ|明日も / MUSH&Co.|テブラデスキー～青春リバティ～|COLOR|MY LOVE / 安室奈美恵,かもめが翔んだ日 / 渡辺真知子|シンガロン・シンガソン|WOW WAR TONIGHT / H Jungle With T|Everyday Everywhere / 太陽とシスコムーン
372,0,2020/10/03,TOKYO IDOL FESTIVAL オンライン 2020,フェス,配信,配信,えびぞりダイアモンド!!|SHAKE! SHAKE!|HOT UP!!!|オメカシ・フィーバー|誘惑したいや|ラブリースマイリーベイビー,
371,0,2020/09/20,エビ中 秋麗と轡虫と音楽のこだま 題して「ちゅうおん」2020,ちゅうおん,埼玉県,秩父ミューズパーク 野外ステージ,風になりたい|君のままで|自由へ道連れ|SHAKE! SHAKE!|誘惑したいや|感情電車|23回目のサマーナイト@バラードver.|ノーダウト@真山りか|タマシイレボリューション@星名美怜|wonderland@柏木ひなた|金木犀の夜@安本彩花|糸@小林歌穂|愛のために@中山莉子|紅の詩|バタフライエフェクト|スターダストライト|まっすぐ|踊るロクデナシ|星の数え方|23回目のサマーナイト,
370,0,2020/09/20,エビ中 秋麗と轡虫と音楽のこだま 題して「ちゅうおん」2020,ちゅうおん,埼玉県,秩父ミューズパーク 野外ステージ,風になりたい|君のままで|自由へ道連れ|SHAKE! SHAKE!|誘惑したいや|感情電車|23回目のサマーナイト@バラードver.|ノーダウト@真山りか|タマシイレボリューション@星名美怜|wonderland@柏木ひなた|金木犀の夜@安本彩花|糸@小林歌穂|愛のために@中山莉子|紅の詩|バタフライエフェクト|ちがうの|まっすぐ|踊るロクデナシ|頑張ってる途中|23回目のサマーナイト,
369,0,2020/08/29,＠JAM ONLINE FESTIVAL 2020,フェス,配信,配信,23回目のサマーナイト|SHAKE! SHAKE!|愛のレンタル|ジャンプ|I'll be here|オメカシ・フィーバー,
368,0,2020/08/16,私立恵比寿中学オンライン学芸会～all of our playlist～,,配信,配信,"ジャンプ|響|春の嵐|SHAKE! SHAKE!|制服""報連相""ファンク|禁断のカルマ|藍色のMonday|トレンディガール|オメカシ・フィーバー|ちがうの|PANDORA|イート・ザ・大目玉|シングルTONEでお願い|I'll be here|曇天|自由へ道連れ|愛のレンタル|HISTORY|星の数え方|サドンデス|COLOR",
367,0,2020/06/21,ONLINE YATYSUI FESTIVAL! 2020,フェス,配信,配信,Family Complex|元気しかない！|仮契約のシンデレラ|シンガロン・シンガソン|YELL|ポップコーントーン|ジャンプ,
366,0,2020/02/16,ファンクラブ会員限定イベント「じゃあ・ベストテン2020」,FCイベント,神奈川県,パシフィコ横浜 国立大ホール,ザ・ティッシュ～とまらない青春～|エビ中一週間|永遠に中学生|キングオブ学芸会のテーマ～Nu Skool Teenage Riot～|えびぞりダイアモンド!!|ちちんぷい|テブラデスキー～青春リバティ～|オメカシ・フィーバー|青い青い星の名前|どしゃぶりリグレット|これでいいのだ!@真山りか・中山莉子|神さまの言うとおり@真山りか・小林歌穂・中山莉子|一生 一緒 いいっしょ?@柏木ひなた・小林歌穂|Go!Go!Here We Go!ロック・リー|仮契約のシンデレラ|オーマイゴースト?～わたしが悪霊になっても～|HOT UP!!!|ナチュメロらんでぶー|揚げろ!エビフライ,ジャンプ|全力☆ランナー
365,0,2020/02/16,ファンクラブ会員限定イベント「じゃあ・ベストテン2020」,FCイベント,神奈川県,パシフィコ横浜 国立大ホール,ザ・ティッシュ～とまらない青春～|エビ中一週間|永遠に中学生|キングオブ学芸会のテーマ～Nu Skool Teenage Riot～|えびぞりダイアモンド!!|ちちんぷい|テブラデスキー～青春リバティ～|オメカシ・フィーバー|青い青い星の名前|どしゃぶりリグレット|これでいいのだ!@真山りか・中山莉子|神さまの言うとおり@真山りか・小林歌穂・中山莉子|一生 一緒 いいっしょ?@柏木ひなた・小林歌穂|Go!Go!Here We Go!ロック・リー|仮契約のシンデレラ|売れたいエモーション!|イート・ザ・大目玉|ナチュメロらんでぶー|揚げろ!エビフライ,ジャンプ|感情電車
364,0,2020/01/19,「ミューコミプラス」 presents スタプラアイドルフェスティバル～今宵、シンデレラが決まる～,,神奈川県,横浜アリーナ,Family Complex|ザ・ティッシュ～とまらない青春～|仮契約のシンデレラ|もっと走れっ!!|全力☆ランナー|オメカシ・フィーバー|自由へ道連れ|ジャンプ,
363,0,2019/12/31,私立恵比寿中学 カウントダウン学芸会「ねずみ年の幕開けはエビチュー」,,神奈川県,パシフィコ横浜 国立大ホール,シングルTONEでお願い|愛のレンタル|オメカシ・フィーバー|PANDORA|ジャンプ|Thanks! Merry Christmas K|大漁恵比寿節|U.B.U.|大好きだよ|サクラ・ゴーラウンド|もっと走れっ!!|中人DANCE MUSIC|キラキラネスキラネス|面皰|藍色のMonday|日記|日進月歩|結ばれた想い|ちがうの|トレンディガール|明日もきっと70点|元気しかない！|えびぞりダイアモンド!!|ハイタテキ!|Go!Go!Here We Go!ロック・リー|Family Complex|こりゃめでてぇな,
362,0,2019/12/31,第3回 ももいろ歌合戦,,,,ジャンプ,
361,0,2019/12/29,COUNTDOWN JAPAN 19/20,,千葉県,幕張メッセ ASTRO ARENA,Family Complex|オメカシ・フィーバー|ハイタテキ!|自由へ道連れ|HOT UP!!!|ジャンプ,
360,0,2019/12/21,私立恵比寿中学 バンドのみんなと大学芸会2019 エビ中のフルバッテリー・サラウンド,,千葉県,幕張メッセ イベントホール,半世紀優等生|Family Complex|イート・ザ・大目玉|放課後ゲタ箱ロッケンロールMX|YELL|踊るガリ勉中学生|梅|青い青い星の名前|愛のレンタル|シンガロン・シンガソン|ちがうの|キャンディロッガー|紅の詩|自由へ道連れ|フユコイ|まっすぐ|星の数え方|曇天|HISTORY|涙は似合わない|MISSION SURVIVOR|PANDORA|HOT UP!!!|オメカシ・フィーバー|元気しかない！|サドンデス|ジャンプ,COLOR|永遠に中学生|なないろ
359,0,2019/12/20,私立恵比寿中学 バンドのみんなと大学芸会2019 エビ中のフルバッテリー・サラウンド,,千葉県,幕張メッセ イベントホール,半世紀優等生|Family Complex|イート・ザ・大目玉|放課後ゲタ箱ロッケンロールMX|YELL|結果オーライ|梅|青い青い星の名前|愛のレンタル|シンガロン・シンガソン|ちがうの|フォーエバー中坊|紅の詩|自由へ道連れ|フユコイ|まっすぐ|星の数え方|曇天|HISTORY|フレ!フレ!サイリウム|MISSION SURVIVOR|PANDORA|HOT UP!!!|オメカシ・フィーバー|元気しかない！|サドンデス|ジャンプ,歌え!踊れ!エビーダダ!|ポップコーントーン|感情電車
358,0,2019/12/08,ようこそ秋冬ホールツアー2019〜世界のみなさんおめでとうアイドルって楽しい〜,,北海道,カナモトホール,仮契約のシンデレラ|ハイタテキ!|熟女になっても|YELL|未確認中学生X|禁断のカルマ|バタフライエフェクト|シンガロン・シンガソン|元気しかない！|ちがうの|星の数え方|ジャンプ|曇天|まっすぐ|頑張ってる途中|Lon de Don|PANDORA|放課後ゲタ箱ロッケンロールMX|Family Complex,えびぞりダイアモンド!!|COLOR|永遠に中学生
357,0,2019/11/27,Pop’n アイドル04,,東京都,TSUTAYA O-EAST,星の数え方|Go!Go!Here We Go!ロック・リー|アンコールの恋|ちがうの|あなたのダンスで騒がしい|HOT UP!!!|Family Complex|ジャンプ,
356,3,2019/11/26,真山りか生誕ソロライブ「まやまにあ -Level.4-」,生誕|ソロ,東京都,マイナビBLITZ赤坂,Liar Mask|Family Complex|ちちんぷい|大人はわかってくれない|キラキラ / aiko|大爆発NO.1//えびぞりダイアモンド!!//チャイム!//ザ・ティッシュ～とまらない青春～//オーマイゴースト?～わたしが悪霊になっても～//もっと走れっ!!//仮契約のシンデレラ//Go!Go!Here We Go!ロック・リー//梅//禁断のカルマ//未確認中学生X//バタフライエフェクト//ハイタテキ!//夏だぜジョニー//スーパーヒーロー//まっすぐ//シンガロン・シンガソン//でかどんでん//トレンディガール|キスして抱きしめて / MISIA|お願いジーザス|ちがうの|青い青い星の名前,Shen-Shen Passion Night|蜃気楼|春の嵐
355,0,2019/11/24,ようこそ秋冬ホールツアー2019〜世界のみなさんおめでとうアイドルって楽しい〜,,群馬県,桐生市市民文化会館 シルクホール,仮契約のシンデレラ|ハイタテキ!|熟女になっても|YELL|未確認中学生X|禁断のカルマ|バタフライエフェクト|シンガロン・シンガソン|元気しかない！|ちがうの|星の数え方|ジャンプ|曇天|まっすぐ|頑張ってる途中|Lon de Don|PANDORA|放課後ゲタ箱ロッケンロールMX|Family Complex,どしゃぶりリグレット|フユコイ|買い物しようと町田へ
354,0,2019/11/23,ようこそ秋冬ホールツアー2019〜世界のみなさんおめでとうアイドルって楽しい〜,,神奈川県,パシフィコ横浜 国立大ホール,仮契約のシンデレラ|ハイタテキ!|熟女になっても|YELL|未確認中学生X|禁断のカルマ|バタフライエフェクト|シンガロン・シンガソン|元気しかない！|ちがうの|星の数え方|ジャンプ|曇天|まっすぐ|頑張ってる途中|Lon de Don|PANDORA|放課後ゲタ箱ロッケンロールMX|Family Complex,オーマイゴースト?～わたしが悪霊になっても～|Go!Go!Here We Go!ロック・リー|涙は似合わない
353,0,2019/11/21,EXPERIENCE Vol.1,,千葉県,幕張メッセ イベントホール,金八DANCE MUSIC|PANDORA|星の数え方|YELL|あなたのダンスで騒がしい|イート・ザ・大目玉,
352,0,2019/11/17,ようこそ秋冬ホールツアー2019〜世界のみなさんおめでとうアイドルって楽しい〜,,鹿児島県,鹿児島県文化センター 宝山ホール,仮契約のシンデレラ|ハイタテキ!|熟女になっても|YELL|未確認中学生X|禁断のカルマ|バタフライエフェクト|シンガロン・シンガソン|元気しかない！|ちがうの|星の数え方|踊るロクデナシ|曇天|まっすぐ|頑張ってる途中|Lon de Don|PANDORA|放課後ゲタ箱ロッケンロールMX|Family Complex,キャンディロッガー|ポップコーントーン|青い青い星の名前
351,0,2019/11/11,ようこそ秋冬ホールツアー2019〜世界のみなさんおめでとうアイドルって楽しい〜,,青森県,リンクモア平安閤市民ホール,仮契約のシンデレラ|ハイタテキ!|熟女になっても|YELL|梅|禁断のカルマ|バタフライエフェクト|シンガロン・シンガソン|元気しかない！|ちがうの|星の数え方|踊るロクデナシ|曇天|まっすぐ|頑張ってる途中|Lon de Don|PANDORA|放課後ゲタ箱ロッケンロールMX|Family Complex,自由へ道連れ|明日もきっと70点|エビ中一週間
350,0,2019/11/10,ようこそ秋冬ホールツアー2019〜世界のみなさんおめでとうアイドルって楽しい〜,,宮城県,仙台銀行ホール イズミティ21 大ホール,仮契約のシンデレラ|ハイタテキ!|熟女になっても|YELL|梅|禁断のカルマ|バタフライエフェクト|シンガロン・シンガソン|元気しかない！|ちがうの|星の数え方|踊るロクデナシ|曇天|まっすぐ|頑張ってる途中|Lon de Don|PANDORA|放課後ゲタ箱ロッケンロールMX|Family Complex,手をつなごう|響|さよならばいばいまたあした
349,7,2019/11/06,星名美怜生誕ソロライブ「PINK DOLL HOUSE:2」,生誕|ソロ,東京都,マイナビBLITZ赤坂,Family Complex|売れたいエモーション!|イート・ザ・大目玉|ザ☆ピース! / モーニング娘。|ハイタテキ!|ここでキスして。 / 椎名林檎|踊るロクデナシ|結ばれた想い|One Last Time / Ariana Grande|自由へ道連れ|PANDORA,中目黒の冬風・・・NAMIDA@真山りか・星名美怜|リフレインが、ずっと@真山りか・星名美怜|キミに39
348,0,2019/11/04,第40回法桜祭 後夜祭　supported by　UtaTen!,,東京都,日本大学 神田三崎町キャンパス 大講堂,YELL|仮契約のシンデレラ|シンガロン・シンガソン|ハイタテキ!|あなたのダンスで騒がしい|Family Complex,
347,0,2019/11/03,アイドルライブ2019～初めての学園祭！未確認明大生X～,,東京都,明治大学 和泉キャンパス 第二校舎 6番教室,未確認中学生X|YELL|ハイタテキ!|シンガロン・シンガソン|曇天|大人はわかってくれない|自由へ道連れ|日進月歩|トレンディガール|Family Complex|ラブリースマイリーベイビー|HOT UP!!!|チャイム!|紅の詩|星の数え方|ちがうの,
346,0,2019/11/02,ようこそ秋冬ホールツアー2019〜世界のみなさんおめでとうアイドルって楽しい〜,,福岡県,福岡市民会館 大ホール,仮契約のシンデレラ|ハイタテキ!|熟女になっても|YELL|梅|禁断のカルマ|バタフライエフェクト|シンガロン・シンガソン|元気しかない！|ちがうの|星の数え方|踊るロクデナシ|曇天|まっすぐ|頑張ってる途中|Lon de Don|PANDORA|放課後ゲタ箱ロッケンロールMX|Family Complex,踊るガリ勉中学生|靴紐とファンファーレ|青い青い星の名前
345,c,2019/10/28,中山莉子生誕ソロライブ「中山莉子の生誕祭。」,生誕|ソロ,東京都,マイナビBLITZ赤坂,青い青い星の名前|ペコペコリーヌ|星の数え方|リブート / miwa|アイドルばかり聴かないで / Negicco|明日もきっと70点|I'm your MANAGER!!!|Family Complex|MISSION SURVIVOR,永久ゾンビーナ / でんぱ組.inc|ハイタテキ!|永遠に中学生
344,0,2019/10/27,ようこそ秋冬ホールツアー2019〜世界のみなさんおめでとうアイドルって楽しい〜,,静岡県,富士市文化会館ロゼシアター 大ホール,仮契約のシンデレラ|ハイタテキ!|熟女になっても|YELL|梅|禁断のカルマ|バタフライエフェクト|シンガロン・シンガソン|元気しかない！|I can't stop the loneliness|星の数え方|踊るロクデナシ|曇天|まっすぐ|頑張ってる途中|Lon de Don|PANDORA|放課後ゲタ箱ロッケンロールMX|Family Complex,ちがうの|紅の詩|COLOR
343,0,2019/10/25,ようこそ秋冬ホールツアー2019〜世界のみなさんおめでとうアイドルって楽しい〜,,広島県,JMSアステールプラザ 大ホール,仮契約のシンデレラ|ハイタテキ!|熟女になっても|YELL|梅|禁断のカルマ|バタフライエフェクト|シンガロン・シンガソン|元気しかない！|I can't stop the loneliness|星の数え方|踊るロクデナシ|曇天|まっすぐ|頑張ってる途中|Lon de Don|PANDORA|放課後ゲタ箱ロッケンロールMX|Family Complex,チャイム!|トレンディガール|お願いジーザス
342,0,2019/10/22,ようこそ秋冬ホールツアー2019〜世界のみなさんおめでとうアイドルって楽しい〜,,大阪府,オリックス劇場,仮契約のシンデレラ|ハイタテキ!|熟女になっても|YELL|梅|禁断のカルマ|バタフライエフェクト|シンガロン・シンガソン|元気しかない！|I'm your MANAGER!!!|星の数え方|踊るロクデナシ|曇天|まっすぐ|頑張ってる途中|Lon de Don|PANDORA|放課後ゲタ箱ロッケンロールMX|Family Complex,"きっとインフィニティー!|制服""報連相""ファンク|ザ・ティッシュ～とまらない青春～"
341,0,2019/10/20,第14回渋谷音楽祭2019～Shibuya Music Scramble～,,東京都,渋谷音楽祭2019会場 109前特設ステージ,Family Complex|仮契約のシンデレラ|シンガロン・シンガソン|感情電車,
340,0,2019/10/19,私立恵比寿中学秋田分校～5th Anniversary of our gakugeeeekai～,秋田分校,秋田県,秋田県立体育館 大体育場,イート・ザ・大目玉|Family Complex|売れたいエモーション!|春休みモラトリアム中学生|PANDORA|フォーエバー中坊|ワンダフル東北産 / いぎなり東北産|青春修学旅行 / いぎなり東北産 with 柏木ひなた|元気しかない！ エビ中 meets いぎなり東北産|リンドバーグ / 桜エビ～ず|それは月曜日の9時のように / 桜エビ～ず with 中山莉子|あなたのダンスで騒がしい エビ中 meets 桜エビ～ず|MISSION SURVIVOR|誘惑したいや|アンコールの恋|曇天|でかどんでん|EBINOMICS|星の数え方|青い青い星の名前|BUZZER BEATER,ラブリースマイリーベイビー|スーパーヒーロー |COLOR
339,0,2019/10/14,ようこそ秋冬ホールツアー2019〜世界のみなさんおめでとうアイドルって楽しい〜,,新潟県,上越文化会館 大ホール,仮契約のシンデレラ|ハイタテキ!|熟女になっても|YELL|梅|禁断のカルマ|バタフライエフェクト|シンガロン・シンガソン|元気しかない！|I'm your MANAGER!!!|星の数え方|踊るロクデナシ|曇天|まっすぐ|頑張ってる途中|Lon de Don|PANDORA|放課後ゲタ箱ロッケンロールMX|Family Complex,全力☆ランナー|使ってポートフォリオ|フレ!フレ!サイリウム
338,0,2019/10/11,ようこそ秋冬ホールツアー2019〜世界のみなさんおめでとうアイドルって楽しい〜,,埼玉県,大宮ソニックシティ 大ホール,仮契約のシンデレラ|ハイタテキ!|熟女になっても|YELL|金八DANCE MUSIC|禁断のカルマ|バタフライエフェクト|シンガロン・シンガソン|元気しかない！|I'm your MANAGER!!!|結ばれた想い|踊るロクデナシ|曇天|まっすぐ|頑張ってる途中|Lon de Don|PANDORA|放課後ゲタ箱ロッケンロールMX|Family Complex,スターダストライト|誘惑したいや|ポップコーントーン
337,0,2019/10/06,ようこそ秋冬ホールツアー2019〜世界のみなさんおめでとうアイドルって楽しい〜,,千葉県,市川市文化会館 大ホール,仮契約のシンデレラ|ハイタテキ!|熟女になっても|YELL|金八DANCE MUSIC|禁断のカルマ|バタフライエフェクト|シンガロン・シンガソン|元気しかない！|I'm your MANAGER!!!|結ばれた想い|踊るロクデナシ|曇天|まっすぐ|頑張ってる途中|Lon de Don|未確認中学生X|放課後ゲタ箱ロッケンロールMX|Family Complex,PANDORA|日進月歩|手をつなごう
336,0,2019/09/29,ようこそ秋冬ホールツアー2019〜世界のみなさんおめでとうアイドルって楽しい〜,,奈良県,なら100年会館 大ホール,仮契約のシンデレラ|ハイタテキ!|熟女になっても|YELL|金八DANCE MUSIC|禁断のカルマ|バタフライエフェクト|シンガロン・シンガソン|元気しかない！|I'm your MANAGER!!!|結ばれた想い|踊るロクデナシ|曇天|まっすぐ|頑張ってる途中|Lon de Don|未確認中学生X|放課後ゲタ箱ロッケンロールMX|Family Complex,歌え!踊れ!エビーダダ!|スウィーテスト・多忙。|感情電車
335,0,2019/09/23,ようこそ秋冬ホールツアー2019〜世界のみなさんおめでとうアイドルって楽しい〜,,愛知県,日本特殊陶業市民会館 フォレストホール,仮契約のシンデレラ|ハイタテキ!|熟女になっても|YELL|金八DANCE MUSIC|禁断のカルマ|バタフライエフェクト|シンガロン・シンガソン|元気しかない！|I'm your MANAGER!!!|結ばれた想い|踊るロクデナシ|曇天|まっすぐ|頑張ってる途中|Lon de Don|未確認中学生X|放課後ゲタ箱ロッケンロールMX|Family Complex,参枚目のタフガキ|あなたのダンスで騒がしい|揚げろ!エビフライ
334,0,2019/09/22,横浜音祭り2019「街に広がる音プロジェクト」,,神奈川県,クイーンズスクエア横浜 クイーンズサークル,仮契約のシンデレラ|トレンディガール|YELL|全力☆ランナー|COLOR,
333,0,2019/09/20,ようこそ秋冬ホールツアー2019〜世界のみなさんおめでとうアイドルって楽しい〜,,東京都,オリンパスホール八王子,仮契約のシンデレラ|ハイタテキ!|熟女になっても|YELL|金八DANCE MUSIC|禁断のカルマ|バタフライエフェクト|シンガロン・シンガソン|元気しかない！|I'm your MANAGER!!!|結ばれた想い|踊るロクデナシ|曇天|まっすぐ|頑張ってる途中|Lon de Don|未確認中学生X|放課後ゲタ箱ロッケンロールMX|Family Complex,響|スーパーヒーロー |幸せの貼り紙はいつも背中に
332,0,2019/09/15,シミズオクト Presents 氣志團万博2019 ～房総ロックンロール最高びんびん物語～,,千葉県,袖ケ浦海浜公園,トレンディガール|ゼッテーアナーキー|紅の詩|大人はわかってくれない|自由へ道連れ|HOT UP!!!,
331,0,2019/08/17,エビ中 夏のファミリー遠足 略してファミえん 令和元年 in 山中湖,ファミえん,山梨県,山中湖交流プラザきらら シアターひびき,ラブリースマイリーベイビー|ほぼブラジル|マブいラガタイフーン|Go!Go!Here We Go!ロック・リー|あたしきっと無限ルーパー|YELL|テブラデスキー～青春リバティ～|MISSION SURVIVOR|元気しかない！|いい湯かな?|朝顔|EBINOMICS|あなたのダンスで騒がしい|感情電車|紅の詩|明日もきっと70点|買い物しようと町田へ|ちちんぷい|HOT UP!!!|summer dejavu|ナチュメロらんでぶー|青い青い星の名前,ご存知!エビ中音頭@中山莉子//こりゃめでてぇな@真山りか//I can't stop the loneliness@柏木ひなた//エビ中出席番号の歌 その2@星名美怜//早弁ラップ@安本彩花//あるあるフラダンス@小林歌穂|梅|イート・ザ・大目玉|Family Complex|星の数え方
330,0,2019/08/04,ROCK IN JAPAN FESTIVAL 2019,フェス,茨城県,国営ひたち海浜公園,あなたのダンスで騒がしい|Family Complex|まっすぐ|シンガロン・シンガソン|なないろ|自由へ道連れ|イート・ザ・大目玉|HOT UP!!!,
329,0,2019/07/13,トルコ,,トルコ,Aspendos Antique Theatre,,
328,0,2019/07/05,『DISH// やる気マンマン2マンLIVE』～富士山、富士急から見るか?山中湖から見るか?今日はマウントポジションとりいくよ!～,対バン,東京都,豊洲PIT,自由へ道連れ|バタフライエフェクト|YELL|青い青い星の名前|トレンディガール|スーパーヒーロー |ラブリースマイリーベイビー|シンガロン・シンガソン|Family Complex,ザ・ティッシュ～とまらない青春～@私立恵比寿中学・DISH//
327,5,2019/07/01,安本彩花生誕ソロライブ「歌って踊って歌謡show!!!安安～10年経っても中学生文句ありますか～♪～」,生誕|ソロ,東京都,マイナビBLITZ赤坂,曇天|百八円の恋 / クリープハイプ|トレンディガール|結ばれた想い|踊るロクデナシ|CDプレイヤー|星の数え方|花瓶の花 / 石崎ひゅーい|奏 / スキマスイッチ|Family Complex|TSUBOMI,青空gift
326,0,2019/06/22,「MUSiC」フェス～私立恵比寿中学開校10周年記念 in 赤レンガ倉庫 ～,,神奈川県,横浜赤レンガ倉庫 赤レンガパーク 野外特設ステージ,青い青い星の名前|キングオブ学芸会のテーマ～Nu Skool Teenage Riot～|えびぞりダイアモンド!!|あなたのダンスで騒がしい|結ばれた想い|ナチュメロらんでぶー|幸せの貼り紙はいつも背中に|なないろ|フレ!フレ!サイリウム|熟女になっても|Family Complex|仮契約のシンデレラ,永遠に中学生
325,b,2019/06/13,小林歌穂生誕ソロライブ「ぽーランド4!!!!」,生誕|ソロ,東京都,マイナビBLITZ赤坂,北ウィング / 中森明菜|瑠璃色の地球 / 松田聖子|部屋とYシャツと私 / 平松愛理|やさしさに包まれたなら / 荒井由実|想い出の九十九里浜 / Mi-Ke|銀河への船 / Dreams Come True|ロビンソン / スピッツ|幸福論 / 椎名林檎|Swallowtail Butterfly ～あいのうた～ / YEN TOWN BAND|Over Drive / JUDY AND MARY|残酷な天使のテーゼ / 高橋洋子|面皰|踊るロクデナシ|リフレインが、ずっと,
324,0,2019/06/02,ライブハウスツアー2019 ～Listen to the MUSiC～,春ツアー,長野県,長野CLUB JUNK BOX,元気しかない！|踊るロクデナシ|明日もきっと70点|でかどんでん|日進月歩|春の嵐|ポップコーントーン|熟女になっても|結ばれた想い|あなたのダンスで騒がしい|BUZZER BEATER|MISSION SURVIVOR|イート・ザ・大目玉|トレンディガール|星の数え方|曇天|Family Complex|COLOR,朝顔|夏だぜジョニー|ナチュメロらんでぶー
323,0,2019/06/01,ライブハウスツアー2019 ～Listen to the MUSiC～,春ツアー,新潟県,NIIGATA LOTS,元気しかない！|踊るロクデナシ|明日もきっと70点|でかどんでん|日進月歩|春の嵐|ポップコーントーン|熟女になっても|結ばれた想い|BUZZER BEATER|シンガロン・シンガソン|MISSION SURVIVOR|イート・ザ・大目玉|トレンディガール|星の数え方|曇天|Family Complex|COLOR,Lon de Don|きっとインフィニティー!|まっすぐ
322,0,2019/05/23,私立恵比寿中学とフレンズ中学合同合唱コンクール,,東京都,Zepp DiverCity,売れたいエモーション!|元気しかない！|MISSION SURVIVOR|トレンディガール|曇天|君のままで|HOT UP!!!|星の数え方|感情電車|頑張ってる途中|塩と砂糖|熟女になっても,
321,0,2019/05/22,私立恵比寿中学とでんぱ組中学合同合唱コンクール,,東京都,Zepp DiverCity,ラブリースマイリーベイビー|YELL|揚げろ!エビフライ|ハイタテキ!|シンガロン・シンガソン|自由へ道連れ|星の数え方|スーパーヒーロー |Family Complex|バリ3共和国|サドンデス,
320,0,2019/05/20,私立恵比寿中学と打首獄門中学合同合唱コンクール,,東京都,Zepp DiverCity,"制服""報連相""ファンク|ザ・ティッシュ～とまらない青春～|パクチー|梅|元気しかない！|ゼッテーアナーキー|未確認中学生X|ちちんぷい|Family Complex|放課後ゲタ箱ロッケンロールMX|私を二郎に連れてって|永遠に中学生",
319,0,2019/05/05,ライブハウスツアー2019 ～Listen to the MUSiC～,春ツアー,香川県,高松festhalle,元気しかない！|踊るロクデナシ|明日もきっと70点|でかどんでん|日進月歩|春の嵐|ポップコーントーン|熟女になっても|YELL|BUZZER BEATER|シンガロン・シンガソン|MISSION SURVIVOR|イート・ザ・大目玉|トレンディガール|星の数え方|曇天|Family Complex|COLOR,仮契約のシンデレラ|Go!Go!Here We Go!ロック・リー|買い物しようと町田へ
318,0,2019/05/03,ライブハウスツアー2019 ～Listen to the MUSiC～,春ツアー,岡山県,CRAZYMAMA KINGDOM,元気しかない！|踊るロクデナシ|明日もきっと70点|でかどんでん|日進月歩|春の嵐|ポップコーントーン|熟女になっても|YELL|BUZZER BEATER|シンガロン・シンガソン|MISSION SURVIVOR|イート・ザ・大目玉|トレンディガール|星の数え方|曇天|Family Complex|COLOR,"制服""報連相""ファンク|HOT UP!!!|永遠に中学生"
317,0,2019/05/02,ライブハウスツアー2019 ～Listen to the MUSiC～,春ツアー,大阪府,Zepp Namba,元気しかない！|踊るロクデナシ|明日もきっと70点|でかどんでん|日進月歩|春の嵐|ポップコーントーン|熟女になっても|YELL|BUZZER BEATER|シンガロン・シンガソン|MISSION SURVIVOR|イート・ザ・大目玉|トレンディガール|星の数え方|曇天|Family Complex|COLOR,梅|サドンデス|フォーエバー中坊
316,0,2019/04/27,ライブハウスツアー2019 ～Listen to the MUSiC～,春ツアー,北海道,Zepp Sapporo,元気しかない！|踊るロクデナシ|明日もきっと70点|でかどんでん|日進月歩|春の嵐|ポップコーントーン|熟女になっても|YELL|BUZZER BEATER|シンガロン・シンガソン|MISSION SURVIVOR|イート・ザ・大目玉|響|星の数え方|曇天|Family Complex|COLOR,ラブリースマイリーベイビー|禁断のカルマ|なないろ
315,0,2019/04/21,ライブハウスツアー2019 ～Listen to the MUSiC～,春ツアー,熊本県,熊本B.9 V1,元気しかない！|踊るロクデナシ|明日もきっと70点|でかどんでん|日進月歩|春の嵐|ポップコーントーン|熟女になっても|YELL|BUZZER BEATER|シンガロン・シンガソン|MISSION SURVIVOR|イート・ザ・大目玉|響|星の数え方|曇天|Family Complex|COLOR,CHAN-CHARA-CHAN|HOT UP!!!|涙は似合わない
314,0,2019/04/20,ライブハウスツアー2019 ～Listen to the MUSiC～,春ツアー,福岡県,福岡DRUM LOGOS,元気しかない！|踊るロクデナシ|明日もきっと70点|でかどんでん|日進月歩|春の嵐|ポップコーントーン|熟女になっても|YELL|BUZZER BEATER|シンガロン・シンガソン|MISSION SURVIVOR|イート・ザ・大目玉|響|星の数え方|曇天|Family Complex|COLOR,紅の詩|自由へ道連れ|さよならばいばいまたあした
313,0,2019/04/16,エビ展の前夜祭～開校10周年をお祝いする夜～presented by ナタリー,,東京都,ヒューリックホール東京,キングオブ学芸会のテーマ～Nu Skool Teenage Riot～|仮契約のシンデレラ|えびぞりダイアモンド!!|君のままで|紅の詩|Family Complex,響
312,0,2019/04/14,ライブハウスツアー2019 ～Listen to the MUSiC～,春ツアー,宮城県,SENDAI GIGS,元気しかない！|踊るロクデナシ|明日もきっと70点|でかどんでん|日進月歩|春の嵐|ポップコーントーン|熟女になっても|YELL|BUZZER BEATER|シンガロン・シンガソン|MISSION SURVIVOR|イート・ザ・大目玉|響|星の数え方|曇天|Family Complex|COLOR,ちちんぷい|春休みモラトリアム中学生|手をつなごう
311,0,2019/04/07,ライブハウスツアー2019 ～Listen to the MUSiC～,春ツアー,愛知県,Zepp Nagoya,元気しかない！|踊るロクデナシ|明日もきっと70点|でかどんでん|日進月歩|春の嵐|ポップコーントーン|熟女になっても|YELL|BUZZER BEATER|シンガロン・シンガソン|MISSION SURVIVOR|イート・ザ・大目玉|響|星の数え方|曇天|Family Complex|COLOR,HOT UP!!!|自由へ道連れ|感情電車
310,a,2019/03/29,柏木ひなた生誕ソロライブ「Dear you.」,生誕|ソロ,東京都,マイナビBLITZ赤坂,キングオブ学芸会のテーマ～Nu Skool Teenage Riot～|イート・ザ・大目玉|誘惑したいや|桜色舞うころ / 中島美嘉|a walk in the park / 安室奈美恵|頑張ってる途中|Ride on time / MAX|恋のダンスサイト / モーニング娘。|赤い日記帳 / あか組4|紅の詩|Story / AI|Wishing On The Same Star / 安室奈美恵|キミとセカイ / ももいろクローバーZ|えびぞりダイアモンド!!,Lemon / 米津玄師|HOT UP!!!|ちちんぷい
309,0,2019/03/17,「MUSiC」発売記念フリーライブ,,大阪府,TWIN21 アトリウム,仮契約のシンデレラ|BUZZER BEATER|明日もきっと70点|曇天|ちちんぷい,
308,0,2019/03/03,「MUSiC」発売記念フリーライブ,,埼玉県,イオンレイクタウンmori 1F 木の広場,でかどんでん|シンガロン・シンガソン|明日もきっと70点|曇天|BUZZER BEATER,
307,0,2019/02/17,秘密結社★ブラックタイガー会員限定イベント 2019,FCイベント,神奈川県,パシフィコ横浜 国立大ホール,"梅|日進月歩|どしゃぶりリグレット|大爆発NO.1|春休みモラトリアム中学生|そろそろくるぞ@真山りか・中山莉子|宇宙戦争宣戦布告@安本彩花・柏木ひなた|for you@小林歌穂・中山莉子|アパレルダーV@柏木ひなた・小林歌穂|光年の愛@真山りか・安本彩花|感情電車@中山莉子|キミに39@柏木ひなた|またあえるかな@小林歌穂|""制服""""報連相""""ファンク@真山りか""|Fantastic Baby Love@安本彩花|PLAYBACK|約束|パクチー|エビ中出席番号の歌 その2|いつかのメイドインジャピャ～ン|曇天",
306,0,2019/02/17,秘密結社★ブラックタイガー会員限定イベント 2019,FCイベント,神奈川県,パシフィコ横浜 国立大ホール,イイトモ|なにがなんでも|YELL|きっとインフィニティー!|イート・ザ・大目玉|そろそろくるぞ@真山りか・中山莉子|宇宙戦争宣戦布告@安本彩花・柏木ひなた|for you@小林歌穂・中山莉子|アパレルダーV(柏木ひなた・小林歌穂)|光年の愛@真山りか・安本彩花|コミックガール@中山莉子|君のままで@柏木ひなた|藍色のMonday@安本彩花|Liar Mask@小林歌穂|またあえるかな@真山りか|パクチー|Another Day|PLAYBACK|エビ中出席番号の歌 その2|いつかのメイドインジャピャ～ン|曇天,
305,0,2019/01/28,エビネギ the FINAL ～二次会と打ち上げのあいだ～,,東京都,Zepp Tokyo,"きらきら武士|朝顔|虹|制服""報連相""ファンク|楽園の余韻|アンタ@真山りか・Nao☆|ぐらりぐら想い@柏木ひなた|キミに39@Nao☆|ともだちがいない!@中山莉子|She's Gone@安本彩花|またあえるかな@小林歌穂|それもきっとしあわせ@真山りか・Kaede|たそがれシアター@安本彩花・Megu|ロマンティック浮かれモード@柏木ひなた・小林歌穂・中山莉子・Nao☆|エビネギ・オーライ!|ねぇバーディア / Negicco|頑張ってる途中|ベイビィ・エビネギ・ポップ!",
304,0,2019/01/26,エビネギ3～エビネギ１の、ようなもの。～,,新潟県,新潟県民会館 大ホール,ねぇバーディア / Negicco|仮契約のシンデレラ|チャイム!|踊るガリ勉中学生|もっと走れっ!!|キングオブ学芸会のテーマ～Nu Skool Teenage Riot～|熟女になっても@小林歌穂・中山莉子・Nao☆・MeguBOY・KaeBOY・YASUBOY|アイドルばかり聴かないで@真山りか・安本彩花・柏木ひなた・Megu・Kaede|スターダストライト|幸せの貼り紙はいつも背中に|ラブリースマイリーベイビー|パクチー|揚げろ!エビフライ|永遠に中学生|ベイビィ・エビネギ・ポップ!,光のシュプール / Negicco|愛は光(エビネギ)
303,0,2019/01/24,エビネギ2 ～バンドで一緒に仲良く演ろうね～,,東京都,Zepp Tokyo,圧倒的なスタイル|永遠に中学生|光のシュプール|カリプソ娘に花束を|ほぼブラジル|感情電車|Tell me why?|そして物語は行く|バタフライエフェクト|テブラデスキー～青春リバティ～|ともだちがいない!@真山りか・柏木ひなた・中山莉子・Kaede|イッショウトモダチ@安本彩花・小林歌穂・Nao☆・Megu|江南宵唄|雫の輪|さよならばいばいまたあした|大好きだよ|ねぇバーディア / Negicco|ベイビィ・エビネギ・ポップ!(エビネギ),
302,0,2018/12/30,COUNTDOWN JAPAN 18/19,,千葉県,幕張メッセ COSMO STAGE,自由へ道連れ|MISSION SURVIVOR|熟女になっても|全力☆ランナー|放課後ゲタ箱ロッケンロールMX|イート・ザ・大目玉,
301,0,2018/12/25,クリスマス大学芸会2018「スペシャルロイヤルケーキ」,,千葉県,幕張メッセ イベントホール,Thanks! Merry Christmas K|えびぞりダイアモンド!!|ゼッテーアナーキー|YELL|ラブリースマイリーベイビー|春休みモラトリアム中学生|君のままで|仮契約のシンデレラ|全力☆ランナー|響|まっすぐ|中目黒の冬風・・・NAMIDA@真山りか・安本彩花|b.l.a.c.k_h.O.l.e@小林歌穂・中山莉子|リフレインが、ずっと@安本彩花・柏木ひなた|EBINOMICS|でかどんでん|イート・ザ・大目玉|サドンデス|涙は似合わない|フレ!フレ!サイリウム|ポップコーントーン|大人はわかってくれない|感情電車|自由へ道連れ|BUZZER BEATER,MISSION SURVIVOR|HOT UP!!!|永遠に中学生
300,0,2018/12/24,クリスマス大学芸会2018「ビターフローズンロール」,,千葉県,幕張メッセ イベントホール,Thanks! Merry Christmas K|キャンディロッガー|コミックガール|キングオブ学芸会のテーマ～Nu Skool Teenage Riot～|あたしきっと無限ルーパー|未確認中学生X|紅の詩|朝顔|スウィーテスト・多忙。|春の嵐|日進月歩|中目黒の冬風・・・NAMIDA@小林歌穂・中山莉子|b.l.a.c.k_h.O.l.e@安本彩花・柏木ひなた|リフレインが、ずっと@真山りか|参枚目のタフガキ|禁断のカルマ|パクチー|HOT UP!!!|フユコイ|EBINOMICS|でかどんでん|イート・ザ・大目玉|シンガロン・シンガソン|BUZZER BEATER,自由へ道連れ|響|放課後ゲタ箱ロッケンロールMX
299,0,2018/12/23,クリスマス大学芸会2018「スイートハニーサンデー 」,,千葉県,幕張メッセ イベントホール,Thanks! Merry Christmas K|フォーエバー中坊|HOT UP!!!|ハイタテキ!|大好きだよ|神さまの言うとおり|日記|使ってポートフォリオ|売れたいエモーション!|ちちんぷい|誘惑したいや|頑張ってる途中|中目黒の冬風・・・NAMIDA@安本彩花・柏木ひなた|b.l.a.c.k_h.O.l.e@真山りか・星名美怜|リフレインが、ずっと@小林歌穂・中山莉子|BUZZER BEATER|シンガロン・シンガソン|I'm your MANAGER!!!|サクラ・ゴーラウンド|スーパーヒーロー |EBINOMICS|熟女になっても|イート・ザ・大目玉|仮契約のシンデレラ,フレ!フレ!サイリウム|自由へ道連れ|YELL
298,3,2018/12/17,真山りか生誕ソロライブ「まやまにあ-level2-」,生誕|ソロ,東京都,マイナビBLITZ赤坂,MISSION SURVIVOR@ショートサイズ|メロンソーダ / 夢みるアドレセンス|キャンディロッガー@ショートサイズ|コミックガール//星間飛行//イー・アル・サディスティック//Shen-Shen Passion Night//キミの冒険//フクキタルン|三国駅 / aiko|蜃気楼|日記@ショートサイズ|Liar Mask|ラブリースマイリーベイビー@ショートサイズ|自由へ道連れ|HOT UP!!!,熟女になっても (ショートサイズ)|老醜ブレイカー|響|春の嵐
297,0,2018/12/01,私立恵比寿中学秋のツアー2018～9年目、義務教育からの卒業～,,福井県,越前市文化センター 大ホール,でかどんでん|ちちんぷい|EBINOMICS|熟女になっても|金八DANCE MUSIC|きっとインフィニティー!|もっと走れっ!!|仮契約のシンデレラ|ザ・ティッシュ～とまらない青春～|自由へ道連れ|日記|感情電車|スーパーヒーロー |響|ポップコーントーン|シンガロン・シンガソン|イート・ザ・大目玉|頑張ってる途中,HOT UP!!!|ハイタテキ!
296,0,2018/11/23,私立恵比寿中学秋のツアー2018～9年目、義務教育からの卒業～,,神奈川県,ハーモニーホール座間 大ホール,えびぞりダイアモンド!!|放課後ゲタ箱ロッケンロールMX|金八DANCE MUSIC|梅|熟女になっても|結果オーライ|踊るガリ勉中学生|日進月歩|仮契約のシンデレラ|紅の詩|日記|ポップコーントーン|シンガロン・シンガソン|ハイタテキ!|自由へ道連れ|サドンデス|イート・ザ・大目玉|MISSION SURVIVOR,HOT UP!!!|こりゃめでてぇな|キミに39
295,0,2018/11/18,私立恵比寿中学秋のツアー2018～9年目、義務教育からの卒業～,,埼玉県,大宮ソニックシティ 大ホール,ダイビング|春休みモラトリアム中学生|I'm your MANAGER!!!|チャイム!|熟女になっても|大人はわかってくれない|EBINOMICS|仮契約のシンデレラ|YELL|キラキラネスキラネス|誘惑したいや|売れたいエモーション!|シンガロン・シンガソン|春の嵐|まっすぐ|放課後ゲタ箱ロッケンロールMX|でかどんでん|ゼッテーアナーキー,HOT UP!!!|永遠に中学生
294,0,2018/11/17,私立恵比寿中学秋のツアー2018～9年目、義務教育からの卒業～,,三重県,NTNシティホール 大ホール,パクチー|君のままで|響|でかどんでん|I can't stop the loneliness|夏だぜジョニー|バタフライエフェクト|イイトモ|YELL|フユコイ|イート・ザ・大目玉|シンガロン・シンガソン|面皰|春の嵐|スウィーテスト・多忙。|ハイタテキ!|全力☆ランナー|自由へ道連れ,HOT UP!!!|ラブリースマイリーベイビー
293,0,2018/11/11,私立恵比寿中学秋のツアー2018～9年目、義務教育からの卒業～,,兵庫県,神戸国際会館こくさいホール,きっとインフィニティー!|キングオブ学芸会のテーマ～Nu Skool Teenage Riot～|未確認中学生X|CHAN-CHARA-CHAN|キャンディロッガー|スウィーテスト・多忙。|自由へ道連れ|熟女になっても|全力☆ランナー|春の嵐|フユコイ|大漁恵比寿節|揚げろ!エビフライ|イート・ザ・大目玉|Go!Go!Here We Go!ロック・リー|I'm your MANAGER!!!|ポップコーントーン|涙は似合わない,HOT UP!!!|フォーエバー中坊
292,0,2018/11/10,MBSラジオ「アッパレ オレたちゴチャ祭～ナガシマスパーランドからやってまーす～」,,三重県,ナガシマスパーランド ナガシマスパードーム,オーマイゴースト?～わたしが悪霊になっても～|梅|でかどんでん|ちちんぷい|君のままで|日記,
291,0,2018/11/03,私立恵比寿中学秋のツアー2018～9年目、義務教育からの卒業～,,神奈川県,カルッツかわさき (川崎市スポーツ・文化総合センター) ホール,サドンデス|YELL|イート・ザ・大目玉|シンガロン・シンガソン|あたしきっと無限ルーパー|自由へ道連れ|お願いジーザス|日進月歩|アンコールの恋|禁断のカルマ|フユコイ|藍色のMonday|朝顔|日記|スーパーヒーロー |ハイタテキ!|響|春の嵐,MISSION SURVIVOR|HOT UP!!!
290,7,2018/11/01,星名美怜生誕ソロライブ「PINK DOLL HOUSE」,生誕|ソロ,東京都,マイナビBLITZ赤坂,自由へ道連れ|HOT UP!!!|桃色スパークリング / ℃-ute|Pink Generation / 麻帆良学園3-A生徒31人|PEACH / 大塚愛|ピンクのモーツァルト / 松田聖子|桃色片想い / 松浦亜弥|日進月歩|日記|群青日和 / 東京事変|神さまの言うとおり|藍色のMonday|sky is the limit|MISSION SURVIVOR//熟女になっても//踊るガリ勉中学生//シンガロン・シンガソン//紅の詩//U.B.U.//ハイタテキ!,キミに39|マリーゴールド / あいみょん|イート・ザ・大目玉
289,c,2018/10/25,中山莉子生誕ソロライブ「中山莉子の生誕祭。」,生誕|ソロ,東京都,マイナビBLITZ赤坂,"HOT UP!!!|愛かましたいの / Negicco|ハイタテキ!|いつか君が / miwaクロ|タピオカミルクティー / わーすた|制服""報連相""ファンク|本当本気 / BiSH|YELL|イート・ザ・大目玉|MISSION SURVIVOR",コミックガール|ラブリースマイリーベイビー
288,0,2018/10/20,私立恵比寿中学秋田分校～この町と人と学芸会が好きだから～,秋田分校,秋田県,秋田県立体育館 大体育場,イート・ザ・大目玉|朝顔|自由へ道連れ|ハイタテキ!|わっしょい!! / pramo with 小林歌穂|ちちんぷい|エビ・バディ・ワナ・ビー / 桜エビ～ず with 柏木ひなた|踊るガリ勉中学生|乾杯ニッポン / いぎなり東北産 with 真山りか|新・青春そのもの|シンガロン・シンガソン|チュパカブラ|手をつなごう|大漁恵比寿節|でかどんでん|君のままで|I'm your MANAGER!!!|靴紐とファンファーレ|スーパーヒーロー |さよならばいばいまたあした,響|熟女になっても|なないろ
287,0,2018/09/29,メ～テレ MUSIC WAVE 「SUNNY TRAIN REVUE～テレビがフェス作っちゃいました～」,,愛知県,ラグーナテンボス ラグーナビーチ,YELL|自由へ道連れ|金八DANCE MUSIC|イート・ザ・大目玉|HOT UP!!!|大人はわかってくれない,
286,0,2018/09/23,四星中学校文化祭 10thANNIVERSARY 平成30年度四星中学校文化祭,,徳島県,秩父ミューズパーク 野外ステージ,コミックガール|ちちんぷい|イート・ザ・大目玉|でかどんでん|キングオブ学芸会のテーマ～Nu Skool Teenage Riot～|春休みモラトリアム中学生|I'm your MANAGER!!!|買い物しようと町田へ|永遠に中学生,
285,0,2018/09/22,エビ中 秋空と松虫と音楽のつどい 題して「ちゅうおん」2018,ちゅうおん,埼玉県,秩父ミューズパーク 野外ステージ,星のかけらを探しに行こう Again / 福耳|summer dejavu|シンガロン・シンガソン|紅の詩|スウィーテスト・多忙。|スーパーヒーロー |三国駅 / aiko@真山りか|僕が一番欲しかったもの / 槇原敬之@安本彩花|マリーゴールド / あいみょん@星名美怜|エイリアンズ / キリンジ@中山莉子|やさしい気持ち / Chara@小林歌穂|Lemon / 米津玄師@柏木ひなた|日記|全力☆ランナー|YELL|靴紐とファンファーレ|感情電車|朝顔|若者のすべて / フジファブリック|響|I'm your MANAGER!!!|まっすぐ|約束|でかどんでん|EBINOMICS|蛍の光,
284,0,2018/08/26,＠JAM EXPO 2018,,神奈川県,横浜アリーナ,MISSION SURVIVOR|ちちんぷい|君のままで|朝顔|イート・ザ・大目玉|HOT UP!!!|仮契約のシンデレラ,
283,0,2018/08/19,エビ中 夏のファミリー遠足 略してファミえん in 山中湖2018,ファミえん,山梨県,山中湖交流プラザきらら シアターひびき,ご存知!エビ中音頭|ちちんぷい|ハイタテキ!|きっとインフィニティー!|マブいラガタイフーン|ほぼブラジル|熟女になっても|夏だぜジョニー|YELL|揚げろ!エビフライ|ザ・ティッシュ～とまらない青春～|放課後ゲタ箱ロッケンロールMX|シンガロン・シンガソン|誘惑したいや|日記|いい湯かな?|朝顔|HOT UP!!!|Go!Go!Here We Go!ロック・リー|ゼッテーアナーキー|金八DANCE MUSIC|イート・ザ・大目玉,感情電車|サドンデス|ラブリースマイリーベイビー|ナチュメロらんでぶー
282,0,2018/08/18,エビ中 夏のファミリー遠足 略してファミえん in 山中湖2018,ファミえん,山梨県,山中湖交流プラザきらら シアターひびき,オーマイゴースト?～わたしが悪霊になっても～|禁断のカルマ|あたしきっと無限ルーパー|参枚目のタフガキ|シンガロン・シンガソン|紅の詩|ハイタテキ!|君のままで|響|CHAN-CHARA-CHAN|キングオブ学芸会のテーマ～Nu Skool Teenage Riot～|放課後ゲタ箱ロッケンロールMX|MISSION SURVIVOR|春の嵐|熟女になっても|ポップコーントーン|靴紐とファンファーレ|朝顔|ラブリースマイリーベイビー|でかどんでん|ナチュメロらんでぶー|summer dejavu,HOT UP!!!|自由へ道連れ|スウィーテスト・多忙。|イート・ザ・大目玉
281,0,2018/08/12,ROCK IN JAPAN FESTIVAL 2018,フェス,茨城県,国営ひたち海浜公園 SOUND OF FOREST,仮契約のシンデレラ|サドンデス|大人はわかってくれない|HOT UP!!!|自由へ道連れ|感情電車,
280,0,2018/08/04,ホットフィールド2018,フェス,富山県,宮野運動公園 Stage Of Green,ナチュメロらんでぶー|自由へ道連れ|感情電車|スーパーヒーロー |手をつなごう|涙は似合わない|summer dejavu,
279,0,2018/08/03,TOKYO IDOL FESTIVAL 2018,フェス,東京都,お台場 青海周辺エリア SMILE GARDEN (フジテレビ 湾岸スタジオ 横 公園),春の嵐|ラブリースマイリーベイビー|シンガロン・シンガソン|梅|放課後ゲタ箱ロッケンロールMX,
278,0,2018/07/22,"私立恵比寿中学 SHAKARIKI SPRING TOUR 2018 ～New, Gakugeeeekai of Learning～(新・学芸会のすヽめ)",春ツアー,東京都,東京国際フォーラム ホールA,EBINOMICS|HOT UP!!!|ハイタテキ!|サドンデス|U.B.U.|ポップコーントーン|まっすぐ|誘惑したいや|禁断のカルマ|春の嵐|さよならばいばいまたあした|でかどんでん|スウィーテスト・多忙。|日記|熟女になっても (feat. SUSHIBOYS)|ゼッテーアナーキー|自由へ道連れ|イート・ザ・大目玉|シンガロン・シンガソン|YELL,ラブリースマイリーベイビー|スターダストライト|なないろ|響
277,0,2018/07/15,"私立恵比寿中学 SHAKARIKI SPRING TOUR 2018 ～New, Gakugeeeekai of Learning～(新・学芸会のすヽめ)",春ツアー,沖縄県,ミュージックタウン音市場,響|YELL|シンガロン・シンガソン|Go!Go!Here We Go!ロック・リー|紅の詩|キャンディロッガー|使ってポートフォリオ|チャイム!|パクチー|大人はわかってくれない|禁断のカルマ|MISSION SURVIVOR|日記|スウィーテスト・多忙。|熟女になっても|自由へ道連れ|でかどんでん|EBINOMICS|HOT UP!!!|イート・ザ・大目玉,夏だぜジョニー|ほぼブラジル|ラブリースマイリーベイビー
276,0,2018/07/08,"私立恵比寿中学 SHAKARIKI SPRING TOUR 2018 ～New, Gakugeeeekai of Learning～(新・学芸会のすヽめ)",春ツアー,熊本県,熊本B.9 V1,響|YELL|シンガロン・シンガソン|えびぞりダイアモンド!!|紅の詩|キャンディロッガー|日進月歩|梅|春休みモラトリアム中学生|大人はわかってくれない|MISSION SURVIVOR|まっすぐ|日記|スウィーテスト・多忙。|熟女になっても|自由へ道連れ|イート・ザ・大目玉|HOT UP!!!|EBINOMICS|でかどんでん,放課後ゲタ箱ロッケンロールMX|ちちんぷい|永遠に中学生
275,0,2018/07/07,"私立恵比寿中学 SHAKARIKI SPRING TOUR 2018 ～New, Gakugeeeekai of Learning～(新・学芸会のすヽめ)",春ツアー,福岡県,福岡市民会館 大ホール,EBINOMICS|HOT UP!!!|ハイタテキ!|CHAN-CHARA-CHAN|頑張ってる途中|踊るガリ勉中学生|スーパーヒーロー |誘惑したいや|バタフライエフェクト|春の嵐|フユコイ|でかどんでん|熟女になっても|スウィーテスト・多忙。|日記|イート・ザ・大目玉|君のままで|自由へ道連れ|シンガロン・シンガソン|YELL,全力☆ランナー|感情電車|響
274,0,2018/06/30,"私立恵比寿中学 SHAKARIKI SPRING TOUR 2018 ～New, Gakugeeeekai of Learning～(新・学芸会のすヽめ)",春ツアー,北海道,わくわくホリデーホール,EBINOMICS|HOT UP!!!|ハイタテキ!|梅|頑張ってる途中|仮契約のシンデレラ|まっすぐ|誘惑したいや|アンコールの恋|春の嵐|さよならばいばいまたあした|でかどんでん|参枚目のタフガキ|熟女になっても|スウィーテスト・多忙。|日記|日進月歩|自由へ道連れ|シンガロン・シンガソン|YELL,イート・ザ・大目玉|ちちんぷい|響
273,5,2018/06/26,安本彩花生誕ソロライブ「歌って踊って歌謡show!!!安安～飲み放題始めました～」,生誕|ソロ,東京都,マイナビBLITZ赤坂,Rain / 秦基博|日記|Family Song / 星野源|感情電車|靴紐とファンファーレ|緑の街 / 小田和正|オーケストラ / BiSH|約束|さよならばいばいまたあした|さよならエレジー / 菅田将暉|君のままで|自由へ道連れ|TSUBOMI|青空gift,
272,0,2018/06/24,"私立恵比寿中学 SHAKARIKI SPRING TOUR 2018 ～New, Gakugeeeekai of Learning～(新・学芸会のすヽめ)",春ツアー,福島県,白河文化交流館コミネス 大ホール,"EBINOMICS|HOT UP!!!|ハイタテキ!|MISSION SURVIVOR|頑張ってる途中|仮契約のシンデレラ|まっすぐ|誘惑したいや|アンコールの恋|春の嵐|フユコイ|でかどんでん|制服""報連相""ファンク|熟女になっても|スウィーテスト・多忙。|日記|日進月歩|自由へ道連れ|シンガロン・シンガソン|YELL",涙は似合わない|感情電車|響
271,0,2018/06/23,"私立恵比寿中学 SHAKARIKI SPRING TOUR 2018 ～New, Gakugeeeekai of Learning～(新・学芸会のすヽめ)",春ツアー,宮城県,東京エレクトロンホール宮城 大ホール,"EBINOMICS|HOT UP!!!|ハイタテキ!|フォーエバー中坊|U.B.U.|踊るガリ勉中学生|まっすぐ|誘惑したいや|パクチー|春の嵐|さよならばいばいまたあした|でかどんでん|制服""報連相""ファンク|熟女になっても|スウィーテスト・多忙。|日記|君のままで|自由へ道連れ|シンガロン・シンガソン|YELL",手をつなごう|ポップコーントーン|響
270,0,2018/06/16,"私立恵比寿中学 SHAKARIKI SPRING TOUR 2018 ～New, Gakugeeeekai of Learning～(新・学芸会のすヽめ)",春ツアー,茨城県,結城市民文化センターアクロス 大ホール,"EBINOMICS|HOT UP!!!|ハイタテキ!|MISSION SURVIVOR|頑張ってる途中|仮契約のシンデレラ|まっすぐ|誘惑したいや|バタフライエフェクト|春の嵐|さよならばいばいまたあした|でかどんでん|制服""報連相""ファンク|熟女になっても|スウィーテスト・多忙。|日記|日進月歩|自由へ道連れ|シンガロン・シンガソン|YELL",エビ中一週間|放課後ゲタ箱ロッケンロールMX|響
269,0,2018/06/15,"私立恵比寿中学 SHAKARIKI SPRING TOUR 2018 ～New, Gakugeeeekai of Learning～(新・学芸会のすヽめ)",春ツアー,千葉県,市川市文化会館 大ホール,"EBINOMICS|HOT UP!!!|ハイタテキ!|チャイム!|U.B.U.|仮契約のシンデレラ|スーパーヒーロー |誘惑したいや|アンコールの恋|春の嵐|フユコイ|でかどんでん|制服""報連相""ファンク|熟女になっても|スウィーテスト・多忙。|日記|日進月歩|自由へ道連れ|シンガロン・シンガソン|YELL",ラブリースマイリーベイビー|I'm your MANAGER!!!|響
268,b,2018/06/14,小林歌穂生誕ソロライブ「ぽーランド3!!!」,生誕|ソロ,東京都,マイナビBLITZ赤坂,あの子のジンタ / チャラン・ポ・ランタン|ぐらりぐら想い|誘惑したいや|藍色のMonday|面皰|日記|明日への手紙 / 手嶌葵|一角獣 / 吉澤嘉代子|響|Liar Mask|自由へ道連れ,ゼッテーアナーキー|感情電車|さよならばいばいまたあした
267,0,2018/06/12,日本赤十字社主催 LOVE in Action Meeting,,東京都,東京国際フォーラム ホールC,禁断のカルマ|大人はわかってくれない|でかどんでん|HOT UP!!!|自由へ道連れ,
266,0,2018/06/09,「でかどんでん」発売記念フリーライブ,,東京都,お台場 ダイバーシティ東京プラザ　2F フェスティバル広場,でかどんでん|スウィーテスト・多忙。|熟女になっても|響|自由へ道連れ,
265,0,2018/06/02,"私立恵比寿中学 SHAKARIKI SPRING TOUR 2018 ～New, Gakugeeeekai of Learning～(新・学芸会のすヽめ)",春ツアー,香川県,高松festhalle,"響|YELL|シンガロン・シンガソン|君のままで|紅の詩|キャンディロッガー|日進月歩|春の嵐|大人はわかってくれない|禁断のカルマ|MISSION SURVIVOR|ハイタテキ!|日記|スウィーテスト・多忙。|制服""報連相""ファンク|ちちんぷい|自由へ道連れ|HOT UP!!!|EBINOMICS|でかどんでん",ラブリースマイリーベイビー|放課後ゲタ箱ロッケンロールMX|永遠に中学生
264,0,2018/06/01,"私立恵比寿中学 SHAKARIKI SPRING TOUR 2018 ～New, Gakugeeeekai of Learning～(新・学芸会のすヽめ)",春ツアー,岡山県,岡山市民会館 大ホール,"EBINOMICS|HOT UP!!!|ハイタテキ!|フォーエバー中坊|U.B.U.|仮契約のシンデレラ|スーパーヒーロー |誘惑したいや|アンコールの恋|春の嵐|さよならばいばいまたあした|でかどんでん|制服""報連相""ファンク|禁断のカルマ|スウィーテスト・多忙。|日記|君のままで|自由へ道連れ|シンガロン・シンガソン|YELL",売れたいエモーション!|感情電車|響
263,0,2018/05/26,"私立恵比寿中学 SHAKARIKI SPRING TOUR 2018 ～New, Gakugeeeekai of Learning～(新・学芸会のすヽめ)",春ツアー,新潟県,新潟県民会館 大ホール,"EBINOMICS|HOT UP!!!|ハイタテキ!|CHAN-CHARA-CHAN|U.B.U.|仮契約のシンデレラ|まっすぐ|誘惑したいや|アンコールの恋|春の嵐|さよならばいばいまたあした|でかどんでん|制服""報連相""ファンク|藍色のMonday|スウィーテスト・多忙。|日記|君のままで|自由へ道連れ|シンガロン・シンガソン|YELL",手をつなごう|ラブリースマイリーベイビー|響
262,0,2018/05/20,EXPO&MUSIC in hawaii,,ハワイ,Waikiki Shell,歌え!踊れ!エビーダダ!|シンガロン・シンガソン|参枚目のタフガキ|ラブリースマイリーベイビー|summer dejavu|summer dejavu,
261,0,2018/05/15,HERE結成10周年記念LIVE ハイテンションフェス2018,,東京都,渋谷TSUTAYA O-EAST,夏だぜジョニー|オーマイゴースト?～わたしが悪霊になっても～|でかどんでん|ちちんぷい|ザ・ティッシュ～とまらない青春～|Go!Go!Here We Go!ロック・リー|HOT UP!!!,
260,0,2018/05/13,"私立恵比寿中学 SHAKARIKI SPRING TOUR 2018 ～New, Gakugeeeekai of Learning～(新・学芸会のすヽめ)",春ツアー,静岡県,静岡市民文化会館 大ホール,"EBINOMICS|HOT UP!!!|ハイタテキ!|CHAN-CHARA-CHAN|U.B.U.|仮契約のシンデレラ|まっすぐ|誘惑したいや|アンコールの恋|春の嵐|さよならばいばいまたあした|でかどんでん|制服""報連相""ファンク|キャンディロッガー|禁断のカルマ|日記|君のままで|靴紐とファンファーレ|シンガロン・シンガソン|YELL",自由へ道連れ|使ってポートフォリオ|響
259,0,2018/05/06,"私立恵比寿中学 SHAKARIKI SPRING TOUR 2018 ～New, Gakugeeeekai of Learning～(新・学芸会のすヽめ)",春ツアー,神奈川県,パシフィコ横浜 国立大ホール,"EBINOMICS|HOT UP!!!|ハイタテキ!|フォーエバー中坊|U.B.U.|仮契約のシンデレラ|まっすぐ|誘惑したいや|アンコールの恋|春の嵐|さよならばいばいまたあした|でかどんでん|制服""報連相""ファンク|バタフライエフェクト|日進月歩|日記|君のままで|靴紐とファンファーレ|シンガロン・シンガソン|YELL",自由へ道連れ|感情電車|響
258,0,2018/05/05,「でかどんでん」リリース記念イベント,,大阪府,あべのキューズモール3Fスカイコート,仮契約のシンデレラ|Go!Go!Here We Go!ロック・リー|なないろ|響|でかどんでん,
257,0,2018/05/04,"私立恵比寿中学 SHAKARIKI SPRING TOUR 2018 ～New, Gakugeeeekai of Learning～(新・学芸会のすヽめ)",春ツアー,大阪府,グランキューブ大阪 メインホール,"EBINOMICS|HOT UP!!!|MISSION SURVIVOR|フォーエバー中坊|U.B.U.|仮契約のシンデレラ|まっすぐ|誘惑したいや|アンコールの恋|バタフライエフェクト|フユコイ|でかどんでん|制服""報連相""ファンク|藍色のMonday|紅の詩|日記|君のままで|靴紐とファンファーレ|ハイタテキ!|YELL",シンガロン・シンガソン|手をつなごう|響
256,0,2018/05/03,"私立恵比寿中学 SHAKARIKI SPRING TOUR 2018 ～New, Gakugeeeekai of Learning～(新・学芸会のすヽめ)",春ツアー,大阪府,グランキューブ大阪 メインホール,"EBINOMICS|HOT UP!!!|サドンデス|フォーエバー中坊|U.B.U.|仮契約のシンデレラ|全力☆ランナー|誘惑したいや|アンコールの恋|春の嵐|さよならばいばいまたあした|でかどんでん|制服""報連相""ファンク|参枚目のタフガキ|禁断のカルマ|日記|君のままで|シンガロン・シンガソン|ハイタテキ!|YELL",ちちんぷい|ポップコーントーン|響
255,0,2018/04/29,"私立恵比寿中学 SHAKARIKI SPRING TOUR 2018 ～New, Gakugeeeekai of Learning～(新・学芸会のすヽめ)",春ツアー,愛知県,日本特殊陶業市民会館 フォレストホール,"EBINOMICS|HOT UP!!!|揚げろ!エビフライ|フォーエバー中坊|U.B.U.|仮契約のシンデレラ|まっすぐ|誘惑したいや|アンコールの恋|春の嵐|フユコイ|でかどんでん|制服""報連相""ファンク|参枚目のタフガキ|紅の詩|日記|君のままで|靴紐とファンファーレ|シンガロン・シンガソン|YELL",日進月歩|買い物しようと町田へ|響
254,0,2018/04/28,"私立恵比寿中学 SHAKARIKI SPRING TOUR 2018 ～New, Gakugeeeekai of Learning～(新・学芸会のすヽめ)",春ツアー,東京都,府中の森芸術劇場 どりーむホール,"EBINOMICS|HOT UP!!!|サドンデス|フォーエバー中坊|U.B.U.|仮契約のシンデレラ|まっすぐ|誘惑したいや|アンコールの恋|春の嵐|フユコイ|でかどんでん|制服""報連相""ファンク|あたしきっと無限ルーパー|紅の詩|日記|君のままで|シンガロン・シンガソン|ハイタテキ!|YELL",ポップコーントーン|響|感情電車
253,0,2018/04/22,"私立恵比寿中学 SHAKARIKI SPRING TOUR 2018 ～New, Gakugeeeekai of Learning～(新・学芸会のすヽめ)",春ツアー,埼玉県,大宮ソニックシティ 大ホール,"EBINOMICS|HOT UP!!!|MISSION SURVIVOR|フォーエバー中坊|U.B.U.|仮契約のシンデレラ|まっすぐ|全力☆ランナー|誘惑したいや|アンコールの恋|春の嵐|フユコイ|でかどんでん|制服""報連相""ファンク|参枚目のタフガキ|紅の詩|日記|君のままで|靴紐とファンファーレ|ハイタテキ!|YELL",シンガロン・シンガソン|響
252,0,2018/04/21,"私立恵比寿中学 SHAKARIKI SPRING TOUR 2018 ～New, Gakugeeeekai of Learning～(新・学芸会のすヽめ)",春ツアー,山梨県,山梨県立県民文化ホール コラニー文化ホール 大ホール,"EBINOMICS|HOT UP!!!|サドンデス|フォーエバー中坊|U.B.U.|仮契約のシンデレラ|全力☆ランナー|まっすぐ|誘惑したいや|アンコールの恋|春の嵐|フユコイ|でかどんでん|制服""報連相""ファンク|参枚目のタフガキ|紅の詩|日記|君のままで|靴紐とファンファーレ|ハイタテキ!|YELL",シンガロン・シンガソン|響
251,0,2018/04/12,STARDUST PLANET プレゼンツAKIBAカルチャーズ定期公演～,,東京都,AKIBAカルチャーズ劇場,急なロマンティック(桜エビ～ず）|シンガロン・シンガソン|HOT UP!!!|エビ・バディ・ワナ・ビー(桜エビ～ず）|響|タリルリラ(桜エビ～ず）|ハイタテキ!(桜エビ～ず）|オスグッド・コミュニケーション|えびぞりダイアモンド!!,
250,0,2018/04/01,「自習」Vol.7,,神奈川県,カルッツかわさき (川崎市スポーツ・文化総合センター) ホール,"YELL|HOT UP!!!|CHAN-CHARA-CHAN|制服""報連相""ファンク|バタフライエフェクト|ハイタテキ!|サドンデス|シンガロン・シンガソン|響|仮契約のシンデレラ",キングオブ学芸会のテーマ～Nu Skool Teenage Riot～|MISSION SURVIVOR|えびぞりダイアモンド!!
249,0,2018/03/31,「自習」Vol.6,,神奈川県,カルッツかわさき (川崎市スポーツ・文化総合センター) ホール,ちちんぷい|ラブリースマイリーベイビー|HOT UP!!!|買い物しようと町田へ|ポップコーントーン|誘惑したいや|面皰|未確認中学生X|禁断のカルマ|チュパカブラ|シンガロン・シンガソン|Lon de Don|サドンデス,幸せの貼り紙はいつも背中に|スーパーヒーロー
248,a,2018/03/29,柏木ひなた生誕ソロライブ「HEART to HEART」,生誕|ソロ,東京都,マイナビBLITZ赤坂,SWEET 19 BLUES / 安室奈美恵|ray / BUMP OF CHICKEN|ハイタテキ!|チャイム!|Sweet Memories / チームしゃちほこ|フユコイ|シャボン玉 / モーニング娘。|CONTRADICTION / ももいろクローバーZ|ダンシング・ヒーロー / 荻野目洋子|エビ中一週間|ゴリラパンチ / ももいろクローバーZ|春風 / Rihwa|オーケストラ / BiSH|大人はわかってくれない|Go!Go!Here We Go!ロック・リー,Puzzle / てんかすトリオ|ALL FOR YOU / 安室奈美恵|紅の詩|HOT UP!!!
247,0,2018/03/04,エビハイvol.2～どこまでもあがろう～,FCイベント,大阪府,Zepp Osaka Bayside,サドンデス|CHAN-CHARA-CHAN|未確認中学生X|シンガロン・シンガソン|ハイタテキ!|踊るガリ勉中学生|EBINOMICS|ラブリースマイリーベイビー|キャンディロッガー|YELL|えびぞりダイアモンド!!|梅|放課後ゲタ箱ロッケンロールMX|MISSION SURVIVOR,ちちんぷい|HOT UP!!!
246,0,2018/03/04,エビハイvol.1～みんなであがろう～,FCイベント,大阪府,Zepp Osaka Bayside,ザ・ティッシュ～とまらない青春～|CHAN-CHARA-CHAN|春休みモラトリアム中学生|キングオブ学芸会のテーマ～Nu Skool Teenage Riot～|ハイタテキ!|売れたいエモーション!|EBINOMICS|あたしきっと無限ルーパー|キャンディロッガー|YELL|揚げろ!エビフライ|梅|放課後ゲタ箱ロッケンロールMX|Lon de Don,Go!Go!Here We Go!ロック・リー|HOT UP!!!
245,0,2018/03/02,エビマニvol.3～ベンチ入り出来なかった君へ～,FCイベント,東京都,中野サンプラザ ホール,ダイビング|使ってポートフォリオ|新・青春そのもの|サクラ・ゴーラウンド|テブラデスキー～青春リバティ～|パクチー|結果オーライ|どしゃぶりリグレット|約束|スターダストライト|PLAYBACK|チュパカブラ|R-O-B-O-C-K|こりゃめでてぇな,歌え!踊れ!エビーダダ!|また明日
244,0,2018/03/02,エビマニvol.2～あの曲、今どうしてる～,FCイベント,東京都,中野サンプラザ ホール,ダイビング|キラキラネスキラネス|Another Day|面皰|大好きだよ|パクチー|結果オーライ|イイトモ|イッショウトモダチ|スターダストライト|I can't stop the loneliness|チュパカブラ|あるあるフラダンス|もっと走れっ!!,オーマイゴースト?～わたしが悪霊になっても～|また明日
243,0,2018/01/04,私立恵比寿中学新春大学芸会 ～ebichu pride～,,東京都,日本武道館,"シンガロン・シンガソン|YELL|Go!Go!Here We Go!ロック・リー|エビ中一週間|未確認中学生X|ハイタテキ!|藍色のMonday|紅の詩|仮契約のシンデレラ|チャイム!|なないろ|頑張ってる途中|あたしきっと無限ルーパー|制服""報連相""ファンク|EBINOMICS|サドンデス|響|春の嵐|日進月歩|君のままで|涙は似合わない|手をつなごう|靴紐とファンファーレ|スーパーヒーロー",えびぞりダイアモンド!!|ゼッテーアナーキー|HOT UP!!!|感情電車|永遠に中学生
242,0,2018/01/03,私立恵比寿中学迎春大学芸会 ～forever aiai～,,東京都,日本武道館,ポップコーントーン|YELL|きっとインフィニティー!|EBINOMICS|売れたいエモーション!|全力☆ランナー|フユコイ|なないろ|感情電車|MISSION SURVIVOR|大漁恵比寿節|金八DANCE MUSIC|いつかのメイドインジャピャ～ン|HOT UP!!!|サドンデス|ちちんぷい|CHAN-CHARA-CHAN|幸せの貼り紙はいつも背中に|まっすぐ|靴紐とファンファーレ|お願いジーザス|大人はわかってくれない|放課後ゲタ箱ロッケンロールMX,シンガロン・シンガソン|えびぞりダイアモンド!!|ラブリースマイリーベイビー|シンガロン・シンガソン
241,0,2017/12/28,COUNTDOWN JAPAN 17/18,,,,放課後ゲタ箱ロッケンロールMX|春の嵐|感情電車|シンガロン・シンガソン|HOT UP!!!|サドンデス,
240,3,2017/12/13,真山りか生誕ソロライブ「まやまにあ」,生誕|ソロ,,,蛍の光|春の嵐|シンガロン・シンガソン|だってアタシのヒーロー。 / LiSA|君のままで|サドンデス|Shen-Shen Passion Night|PURPLE LOVE / 春奈るな･真山りか|39クラブ / 下北沢ダイハード|老醜ブレイカー|イー・アル・サディスティック|Thanks! Merry Christmas K|さよならばいばいまたあした|Liar Mask|蜃気楼|ポップコーントーン,
239,0,2017/11/25,「武蔵野の森総合スポーツプラザ」オープニングイベント,,,,頑張ってる途中|シンガロン・シンガソン|なないろ|感情電車,
238,0,2017/11/24,私立恵比寿中学オータムナインツアー2017～エビ中ってなんか説明しづらいけど見とかなきゃ損なグループなんだって！～,,東京都,豊洲PIT,"サドンデス|金八DANCE MUSIC|ハイタテキ!|サクラ・ゴーラウンド|ご存知!エビ中音頭|もっと走れっ!!|フユコイ|靴紐とファンファーレ|春の嵐|禁断のカルマ|ポップコーントーン|放課後ゲタ箱ロッケンロールMX|制服""報連相""ファンク|YELL|感情電車|なないろ|幸せの貼り紙はいつも背中に|シンガロン・シンガソン",MISSION SURVIVOR|EBINOMICS|HOT UP!!!|シンガロン・シンガソン
237,0,2017/11/19,私立恵比寿中学オータムナインツアー2017～エビ中ってなんか説明しづらいけど見とかなきゃ損なグループなんだって！～,,,やまぎんホール,踊るガリ勉中学生|春休みモラトリアム中学生|コミックガール|梅|日進月歩|チャイム!|仮契約のシンデレラ|靴紐とファンファーレ|バタフライエフェクト|春の嵐|全力☆ランナー|君のままで|ハイタテキ!|EBINOMICS|YELL|面皰|なないろ|シンガロン・シンガソン,使ってポートフォリオ|誘惑したいや|まっすぐ
236,0,2017/11/15,私立恵比寿中学リンガーハット エビ大感謝祭 感情電車に乗っかってスペシャルライブ,,,,春休みモラトリアム中学生|放課後ゲタ箱ロッケンロールMX|梅|未確認中学生X|Lon de Don|金八DANCE MUSIC|揚げろ!エビフライ|MISSION SURVIVOR|EBINOMICS|シンガロン・シンガソン|感情電車,
235,0,2017/11/12,「シンガロン・シンガソン」リリース記念フリーイベント,,東京都,ダイバーシティ東京プラザ 2F フェスティバル広場,YELL|なないろ|EBINOMICS|仮契約のシンデレラ|シンガロン・シンガソン,
234,0,2017/11/11,私立恵比寿中学秋田分校～学芸会は3杯目が一番美味い,秋田分校,秋田県,秋田県民会館 大ホール,"きっとインフィニティー!|HOT UP!!!|制服""報連相""ファンク|Go!Go!Here We Go!ロック・リー|シンガロン・シンガソン|サドンデス|祭りだぜぃ!! / pramo|YELL|春の嵐|藍色のMonday|ハイタテキ!|大漁恵比寿節|紅の詩|日進月歩|アンコールの恋|まっすぐ|感情電車|MISSION SURVIVOR",CHAN-CHARA-CHAN|なないろ|スーパーヒーロー
233,0,2017/11/05,MBSラジオ公開収録イベント「アッパレ オレたちゴチャ祭～ナガシマスパーランドからやってまーす～」,,三重県,ナガシマスパーランド ナガシマスパードーム,なないろ|ハイタテキ!|ちちんぷい|HOT UP!!!|シンガロン・シンガソン,
232,0,2017/11/04,「シンガロン・シンガソン」リリース記念フリーイベント,,大阪府,ツイン21アトリウム,仮契約のシンデレラ|YELL|ナチュメロらんでぶー|感情電車|シンガロン・シンガソン,
231,0,2017/11/03,私立恵比寿中学オータムナインツアー2017～エビ中ってなんか説明しづらいけど見とかなきゃ損なグループなんだって！～,,,桐生市市民文化会館 シルクホール,買い物しようと町田へ|ハイタテキ!|金八DANCE MUSIC|靴紐とファンファーレ|I'm your MANAGER!!!|大人はわかってくれない|紅の詩|藍色のMonday|日進月歩|禁断のカルマ|フユコイ|梅|未確認中学生X|ちちんぷい|MISSION SURVIVOR|大好きだよ|なないろ|シンガロン・シンガソン,キャンディロッガー|CHAN-CHARA-CHAN|YELL
230,7,2017/11/02,星名美怜生誕ソロライブ「ハタチ☆ホシナ」,生誕|ソロ,,,ラブリースマイリーベイビー//キャンディロッガー//ハイタテキ!//売れたいエモーション!//未確認中学生X//仮契約のシンデレラ//ポップコーントーン|藍色のMonday|誘惑したいや|君のままで|あなたに恋をしてみました / chay|Break Free / Ariana Grande|sky is the limit|全力☆ランナー|アイオクリ / miwa|U.B.U.,シンガロン・シンガソン|明日も / 大原櫻子|キミに39
229,0,2017/10/27,私立恵比寿中学オータムナインツアー2017～エビ中ってなんか説明しづらいけど見とかなきゃ損なグループなんだって！～,,神奈川県,川崎市スポーツ・文化総合センター,パクチー|春の嵐|日進月歩|中人DANCE MUSIC|コミックガール|売れたいエモーション!|仮契約のシンデレラ|靴紐とファンファーレ|全力☆ランナー|U.B.U.|アンコールの恋|揚げろ!エビフライ|禁断のカルマ|ハイタテキ!|YELL|なないろ|君のままで|シンガロン・シンガソン,誘惑したいや|ポップコーントーン|涙は似合わない
228,c,2017/10/26,中山莉子生誕ソロライブ「中山莉子の生誕祭。」,生誕|ソロ,,,"ハイタテキ!|制服""報連相""ファンク|大好きだよ|ねぇバーディア / Negicco|ラブリースマイリーベイビー|たまげた恋のエルニーニョ|ザ・ティッシュ～とまらない青春～|ちちんぷい|HOT UP!!!|MISSION SURVIVOR|サドンデス",
227,0,2017/10/22,私立恵比寿中学オータムナインツアー2017～エビ中ってなんか説明しづらいけど見とかなきゃ損なグループなんだって！～,,大阪府,NHK大阪ホール,エビ中一週間|紅の詩|仮契約のシンデレラ|キラキラネスキラネス|チャイム!|春の嵐|YELL|コミックガール|禁断のカルマ|ちちんぷい|放課後ゲタ箱ロッケンロールMX|アンコールの恋|君のままで|U.B.U.|なないろ|さよならばいばいまたあした|スーパーヒーロー|シンガロン・シンガソン,梅|金八DANCE MUSIC|ハイタテキ!
226,0,2017/10/21,私立恵比寿中学オータムナインツアー2017～エビ中ってなんか説明しづらいけど見とかなきゃ損なグループなんだって！～,,大阪府,NHK大阪ホール,"ラブリースマイリーベイビー|あたしきっと無限ルーパー|YELL|バタフライエフェクト|キングオブ学芸会のテーマ～Nu Skool Teenage Riot～|未確認中学生X|CHAN-CHARA-CHAN|藍色のMonday|フォーエバー中坊|テブラデスキー～青春リバティ～|制服""報連相""ファンク|フユコイ|日進月歩|頑張ってる途中|感情電車|まっすぐ|全力☆ランナー|シンガロン・シンガソン",Go!Go!Here We Go!ロック・リー|売れたいエモーション!|I'm your MANAGER!!!
225,0,2017/10/15,私立恵比寿中学オータムナインツアー2017～エビ中ってなんか説明しづらいけど見とかなきゃ損なグループなんだって！～,,愛知県,アイプラザ豊橋,"キャンディロッガー|参枚目のタフガキ|禁断のカルマ|CHAN-CHARA-CHAN|きっとインフィニティー!|仮契約のシンデレラ|藍色のMonday|コミックガール|売れたいエモーション!|制服""報連相""ファンク|PLAYBACK|フレ!フレ!サイリウム|君のままで|なないろ|お願いジーザス|春休みモラトリアム中学生|MISSION SURVIVOR|シンガロン・シンガソン",えびぞりダイアモンド!!|YELL|スーパーヒーロー
224,0,2017/10/13,TOKUFUKU LIVE Connect! Vol.2,対バン,東京都,新木場STUDIO COAST,春の嵐|フユコイ|ラブリースマイリーベイビー|ハイタテキ!|オーケストラ / BiSH|君のままで|サドンデス|HOT UP!!!,
223,0,2017/10/08,私立恵比寿中学オータムナインツアー2017～エビ中ってなんか説明しづらいけど見とかなきゃ損なグループなんだって！～,,栃木県,栃木文化会館 大ホール,えびぞりダイアモンド!!|ハイタテキ!|金八DANCE MUSIC |Lon de Don|キラキラネスキラネス|紅の詩|U.B.U.|ザ・ティッシュ～とまらない青春～|キングオブ学芸会のテーマ～Nu Skool Teenage Riot～|CHAN-CHARA-CHAN|藍色のMonday|誘惑したいや|PLAYBACK|春の嵐|スーパーヒーロー|YELL|感情電車|シンガロン・シンガソン,日進月歩|あたしきっと無限ルーパー|頑張ってる途中
222,0,2017/10/07,私立恵比寿中学オータムナインツアー2017～エビ中ってなんか説明しづらいけど見とかなきゃ損なグループなんだって！～,,茨城県,結城市民文化センターアクロス 大ホール,フォーエバー中坊|バタフライエフェクト|紅の詩|I'm your MANAGER!!!|さよならばいばいまたあした|ポップコーントーン|頑張ってる途中|禁断のカルマ|コミックガール|仮契約のシンデレラ|未確認中学生X|春の嵐|日進月歩|フユコイ|まっすぐ|YELL|全力☆ランナー|シンガロン・シンガソン,キャンディロッガー|大人はわかってくれない|なないろ
221,0,2017/09/23,エビ中 秋風と鈴虫と音楽のしらべ 題して「ちゅうおん」2017,ちゅうおん,埼玉県,秩父ミューズパーク 野外ステージ,LIFE(bird)|summer dejavu|イイトモ|君のままで|大人はわかってくれない|お願いジーザス|楓 / スピッツ@安本彩花|花束を君に / 宇多田ヒカル@廣田あいか|LOVE LOVE LOVE / DREAMS COME TRUE@小林歌穂|マカロニ / Perfume@中山莉子|ray / BUMP OF CHICKEN@柏木ひなた|Sign / Mr.Children@真山りか|歌舞伎町の女王 / 椎名林檎@星名美怜|U.B.U.|ポップコーントーン|どしゃぶりリグレット|アンコールの恋|幸せの貼り紙はいつも背中に|手をつなごう|買い物しようと町田へ|日進月歩|YELL|さよならばいばいまたあした|涙は似合わない,
220,0,2017/09/16,氣志團万博2017 ～房総与太郎爆音マシマシ、ロックンロールチョモランマ～,,,,サドンデス|放課後ゲタ箱ロッケンロールMX|大人はわかってくれない|Go!Go!Here We Go!ロック・リー|MISSION SURVIVOR|HOT UP!!!,
219,0,2017/09/09,PIA 45th Anniversary MUSIC COMPLEX 2017,,,,YELL|CHAN-CHARA-CHAN|ハイタテキ!|MISSION SURVIVOR|お願いジーザス|仮契約のシンデレラ|なないろ|感情電車,
218,0,2017/08/30,"BULLET TRAIN 5th Anniversary Special「超フェス」""超""スタダフェス",,東京都,豊洲PIT,禁断のカルマ|全力☆ランナー|紅の詩|仮契約のシンデレラ|ハイタテキ!|YELL|HOT UP!!!,
217,0,2017/08/27,＠JAM EXPO 2017,,神奈川県,横浜アリーナ,梅|ちちんぷい|放課後ゲタ箱ロッケンロールMX|サドンデス|HOT UP!!!|仮契約のシンデレラ,バッタマン×サドンデス
216,0,2017/08/26,エビ中 夏のファミリー遠足 略してファミえん in モリコロパーク 2017,ファミえん,愛知県,モリコロパーク(愛・地球博記念公園),"HOT UP!!!|夏だぜジョニー|ラブリースマイリーベイビー|ご存知!エビ中音頭|ほぼブラジル|マブいラガタイフーン|制服""報連相""ファンク|ザ・ティッシュ～とまらない青春～|揚げろ!エビフライ(HyperJuice FAMIEN'17 Remix)|金八DANCE MUSIC|中人DANCE MUSIC|頑張ってる途中|誘惑したいや|仮契約のシンデレラ|Lon de Don|売れたいエモーション!|キングオブ学芸会のテーマ～Nu Skool Teenage Riot～|ちちんぷい|サドンデス|きっとインフィニティー!|紅の詩|いい湯かな?|感情電車|ナチュメロらんでぶー|まっすぐ|なないろ",エビ中一週間|あたしきっと無限ルーパー|HOT UP!!!|YELL|蛍の光
215,0,2017/08/06,「リアル頑張ってる途中」番組一周年記念番組公開収録＆ミニライブ,,,,未確認中学生X|ラブリースマイリーベイビー|YELL,
214,0,2017/08/05,SIF(しがこうげんアイドルフェスティバル),,,,えびぞりダイアモンド!!|ラブリースマイリーベイビー|サドンデス|ナチュメロらんでぶー|なないろ,
213,0,2017/08/04,TOKYO IDOL FESTIVAL 2017,フェス,,,ラブリースマイリーベイビー|頑張ってる途中|春の嵐|サドンデス|仮契約のシンデレラ,
212,0,2017/07/25,お台場みんなの夢大陸2017 めざましライブ,,,夢大陸・スマイルランド内 HOT SUMMERスタジアム,仮契約のシンデレラ|なないろ|MUSIC VIDEO / 岡崎体育|感情電車|ラブリースマイリーベイビー|さよならばいばいまたあした|サドンデス,
211,0,2017/07/16,私立恵比寿中学 IDOL march HALLTOUR 2017～今、君とここにいる～,春ツアー,東京都,東京国際フォーラム ホールA,"制服""報連相""ファンク|CHAN-CHARA-CHAN|金八DANCE MUSIC|放課後ゲタ箱ロッケンロールMX|フォーエバー中坊|ハイタテキ!|MISSION SURVIVOR|まっすぐ|Go!Go!Here We Go!ロック・リー|コミックガール|君のままで|手をつなごう|藍色のMonday|さよならばいばいまたあした|スターダストライト|春の嵐|紅の詩|なないろ|感情電車",全力☆ランナー|フレ!フレ!サイリウム |サドンデス|えびぞりダイアモンド!!
210,0,2017/07/15,私立恵比寿中学 IDOL march HALLTOUR 2017～今、君とここにいる～,春ツアー,石川県,本多の森ホール,"制服""報連相""ファンク|CHAN-CHARA-CHAN|夏だぜジョニー|放課後ゲタ箱ロッケンロールMX|フォーエバー中坊|ちちんぷい|MISSION SURVIVOR|スーパーヒーロー|コミックガール|仮契約のシンデレラ|君のままで|日進月歩|藍色のMonday|さよならばいばいまたあした|ポップコーントーン|春の嵐|紅の詩|なないろ|感情電車",感情電車@小林歌穂|誘惑したいや|ハイタテキ!|サドンデス
209,0,2017/07/08,私立恵比寿中学 IDOL march HALLTOUR 2017～今、君とここにいる～,春ツアー,愛媛県,松山市民会館 大ホール,"制服""報連相""ファンク|CHAN-CHARA-CHAN|金八DANCE MUSIC |放課後ゲタ箱ロッケンロールMX|フォーエバー中坊|ちちんぷい|MISSION SURVIVOR|まっすぐ|コミックガール|お願いジーザス|君のままで|日進月歩|藍色のMonday|さよならばいばいまたあした|ポップコーントーン|春の嵐|紅の詩|なないろ|感情電車","制服""報連相""ファンク@中山莉子|未確認中学生X|ハイタテキ!|サドンデス|"
208,0,2017/07/01,私立恵比寿中学 IDOL march HALLTOUR 2017～今、君とここにいる～,春ツアー,沖縄県,沖縄コンベンション劇場,"制服""報連相""ファンク|CHAN-CHARA-CHAN|夏だぜジョニー|放課後ゲタ箱ロッケンロールMX|フォーエバー中坊|ハイタテキ!|MISSION SURVIVOR|スーパーヒーロー|コミックガール|幸せの貼り紙はいつも背中に|君のままで|日進月歩|藍色のMonday|さよならばいばいまたあした|ポップコーントーン|春の嵐|紅の詩|なないろ|感情電車",紅の詩@柏木ひなた|ほぼブラジル|ラブリースマイリーベイビー|サドンデス
207,5,2017/06/27,安本彩花生誕ソロライブ「歌って！踊って！歌謡ショー!!安安（やすやす）」,生誕|ソロ,東京都,赤坂BLITZ,春の嵐|フユコイ|ラブリースマイリーベイビー|ハイタテキ!|オーケストラ / BiSH|君のままで|サドンデス|HOT UP!!!,
206,0,2017/06/25,私立恵比寿中学 IDOL march HALLTOUR 2017～今、君とここにいる～,春ツアー,岩手県,盛岡市民文化ホール 大ホール,"制服""報連相""ファンク|CHAN-CHARA-CHAN|キャンディロッガー|放課後ゲタ箱ロッケンロールMX|フォーエバー中坊|ちちんぷい|MISSION SURVIVOR|まっすぐ|コミックガール|ハイタテキ!|君のままで|日進月歩|藍色のMonday|さよならばいばいまたあした|ポップコーントーン|春の嵐|紅の詩|なないろ|感情電車",春の嵐@真山りか|全力☆ランナー|参枚目のタフガキ|サドンデス
205,0,2017/06/24,私立恵比寿中学 IDOL march HALLTOUR 2017～今、君とここにいる～,春ツアー,千葉県,市川市文化会館,"制服""報連相""ファンク|CHAN-CHARA-CHAN|春休みモラトリアム中学生|放課後ゲタ箱ロッケンロールMX|フォーエバー中坊|キングオブ学芸会のテーマ～Nu Skool Teenage Riot～|MISSION SURVIVOR|スーパーヒーロー|コミックガール|チャイム!|君のままで|日進月歩|藍色のMonday|さよならばいばいまたあした|ポップコーントーン|春の嵐|紅の詩|なないろ|感情電車",藍色のMonday@星名美怜|スターダストライト|バタフライエフェクト|サドンデス
204,0,2017/06/18,私立恵比寿中学 IDOL march HALLTOUR 2017～今、君とここにいる～,春ツアー,北海道,わくわくホリデーホール,"制服""報連相""ファンク|CHAN-CHARA-CHAN|金八DANCE MUSIC |放課後ゲタ箱ロッケンロールMX|フォーエバー中坊|ちちんぷい|MISSION SURVIVOR|まっすぐ|コミックガール|ハイタテキ!|君のままで|日進月歩|藍色のMonday|さよならばいばいまたあした|ポップコーントーン|春の嵐|紅の詩|なないろ|感情電車",コミックガール@廣田あいか|参枚目のタフガキ|禁断のカルマ|サドンデス
203,0,2017/06/10,私立恵比寿中学 IDOL march HALLTOUR 2017～今、君とここにいる～,春ツアー,埼玉県,大宮ソニックシティ 大ホール,"制服""報連相""ファンク|CHAN-CHARA-CHAN|キャンディロッガー|放課後ゲタ箱ロッケンロールMX|フォーエバー中坊|ちちんぷい|MISSION SURVIVOR|スーパーヒーロー|コミックガール|誘惑したいや|君のままで|日進月歩|藍色のMonday|さよならばいばいまたあした|ポップコーントーン|春の嵐|紅の詩|なないろ|感情電車",君のままで@安本彩花|未確認中学生X|ハイタテキ!|サドンデス
202,b,2017/06/08,小林歌穂生誕ソロライブ「ぽーランド2!!」,生誕|ソロ,東京都,赤坂BLITZ,感情電車|ぐらりぐら想い|ホタルノヒカリ / いきものがかり|泣き虫ジュゴン / 吉澤嘉代子|人生のパレード / チャラン・ポ・ランタン|全力☆ランナー|面皰|お願いジーザス|藍色のMonday|CHAN-CHARA-CHAN|バタフライエフェクト|MISSION SURVIVOR,
201,a,2017/06/07,柏木ひなた生誕祭ソロライブ「Live in the moment!!」,生誕|ソロ,東京都,ステラボール,永遠のトリニティー|CHAN-CHARA-CHAN|LOVEマシーン / モーニング娘。|Best Friend / Kiroro|頑張ってる途中|夏だぜジョニー|揚げろ!エビフライ|紅の詩|フレ!フレ!サイリウム |ラブリースマイリーベイビー,タイヨウのうた / Kaoru Amane|Fight Together / 安室奈美恵|えびぞりダイアモンド!!
200,0,2017/05/28,私立恵比寿中学 IDOL march HALLTOUR 2017～今、君とここにいる～,春ツアー,静岡県,静岡市民文化会館 大ホール,"制服""報連相""ファンク|CHAN-CHARA-CHAN|春休みモラトリアム中学生|放課後ゲタ箱ロッケンロールMX|フォーエバー中坊|ちちんぷい|MISSION SURVIVOR|まっすぐ|コミックガール|仮契約のシンデレラ|お願いジーザス|君のままで|I'm your MANAGER!!!|藍色のMonday|さよならばいばいまたあした|ポップコーントーン|春の嵐|紅の詩|なないろ|感情電車",バタフライエフェクト|ハイタテキ!|サドンデス
199,0,2017/05/27,私立恵比寿中学 IDOL march HALLTOUR 2017～今、君とここにいる～,春ツアー,岐阜県,土岐市文化プラザ・サンホール,"制服""報連相""ファンク|CHAN-CHARA-CHAN|夏だぜジョニー|放課後ゲタ箱ロッケンロールMX|フォーエバー中坊|ちちんぷい|MISSION SURVIVOR|スーパーヒーロー|コミックガール|仮契約のシンデレラ|PLAYBACK|君のままで|頑張ってる途中|藍色のMonday|さよならばいばいまたあした|ポップコーントーン|春の嵐|紅の詩|なないろ|感情電車",キラキラネスキラネス|ハイタテキ!|サドンデス
198,0,2017/05/20,私立恵比寿中学 IDOL march HALLTOUR 2017～今、君とここにいる～,春ツアー,神奈川県,パシフィコ横浜 国立大ホール,"制服""報連相""ファンク|CHAN-CHARA-CHAN|ハイタテキ!|放課後ゲタ箱ロッケンロールMX|フォーエバー中坊|ちちんぷい|MISSION SURVIVOR|まっすぐ|コミックガール|仮契約のシンデレラ|幸せの貼り紙はいつも背中に|君のままで|I'm your MANAGER!!!|藍色のMonday|さよならばいばいまたあした|ポップコーントーン|春の嵐|紅の詩|なないろ|感情電車",Lon de Don|金八DANCE MUSIC|サドンデス
197,0,2017/05/13,私立恵比寿中学 IDOL march HALLTOUR 2017～今、君とここにいる～,春ツアー,福岡県,福岡市民会館 大ホール,"制服""報連相""ファンク|CHAN-CHARA-CHAN|夏だぜジョニー|放課後ゲタ箱ロッケンロールMX|フォーエバー中坊|ちちんぷい|MISSION SURVIVOR|まっすぐ|コミックガール|仮契約のシンデレラ|誘惑したいや|君のままで|U.B.U.|藍色のMonday|さよならばいばいまたあした|ポップコーントーン|春の嵐|紅の詩|なないろ|感情電車",金八DANCE MUSIC |ハイタテキ!|サドンデス
196,0,2017/05/06,私立恵比寿中学 IDOL march HALLTOUR 2017～今、君とここにいる～,春ツアー,広島県,JMSアステールプラザ 大ホール,"制服""報連相""ファンク|CHAN-CHARA-CHAN|春休みモラトリアム中学生|放課後ゲタ箱ロッケンロールMX|フォーエバー中坊|ちちんぷい|MISSION SURVIVOR|スーパーヒーロー|コミックガール|仮契約のシンデレラ|幸せの貼り紙はいつも背中に|君のままで|頑張ってる途中|藍色のMonday|さよならばいばいまたあした|ポップコーントーン|春の嵐|紅の詩|なないろ|感情電車",キングオブ学芸会のテーマ～Nu Skool Teenage Riot～|ハイタテキ!|サドンデス
195,0,2017/05/05,私立恵比寿中学 IDOL march HALLTOUR 2017～今、君とここにいる～,春ツアー,愛知県,名古屋国際会議場 センチュリーホール,"制服""報連相""ファンク|CHAN-CHARA-CHAN|梅|放課後ゲタ箱ロッケンロールMX|フォーエバー中坊|Go!Go!Here We Go!ロック・リー|MISSION SURVIVOR|スーパーヒーロー|コミックガール|仮契約のシンデレラ|チャイム!|君のままで|U.B.U.|藍色のMonday|さよならばいばいまたあした|ポップコーントーン|春の嵐|紅の詩|なないろ|感情電車",ラブリースマイリーベイビー |ハイタテキ!|サドンデス
194,0,2017/05/03,私立恵比寿中学 IDOL march HALLTOUR 2017～今、君とここにいる～,春ツアー,宮城県,仙台サンプラザ ホール,"制服""報連相""ファンク|CHAN-CHARA-CHAN|春休みモラトリアム中学生|放課後ゲタ箱ロッケンロールMX|フォーエバー中坊|ちちんぷい|MISSION SURVIVOR|まっすぐ|コミックガール|仮契約のシンデレラ|誘惑したいや|君のままで|頑張ってる途中|藍色のMonday|さよならばいばいまたあした|ポップコーントーン|春の嵐|紅の詩|なないろ|感情電車",フレ!フレ!サイリウム |ハイタテキ!|サドンデス
193,0,2017/04/30,私立恵比寿中学 IDOL march HALLTOUR 2017～今、君とここにいる～,春ツアー,大阪府,グランキューブ大阪 メインホール,"制服""報連相""ファンク|CHAN-CHARA-CHAN|春休みモラトリアム中学生|放課後ゲタ箱ロッケンロールMX|フォーエバー中坊|ちちんぷい|MISSION SURVIVOR|スーパーヒーロー|コミックガール|仮契約のシンデレラ|誘惑したいや|君のままで|頑張ってる途中|藍色のMonday|さよならばいばいまたあした|ポップコーントーン|春の嵐|紅の詩|なないろ|感情電車",参枚目のタフガキ|ハイタテキ!|サドンデス
192,0,2017/04/29,私立恵比寿中学 IDOL march HALLTOUR 2017～今、君とここにいる～,春ツアー,大阪府,グランキューブ大阪 メインホール,"制服""報連相""ファンク|CHAN-CHARA-CHAN|梅|放課後ゲタ箱ロッケンロールMX|フォーエバー中坊|ちちんぷい|MISSION SURVIVOR|スーパーヒーロー|コミックガール|仮契約のシンデレラ|誘惑したいや|君のままで|U.B.U.|藍色のMonday|さよならばいばいまたあした|ポップコーントーン|春の嵐|紅の詩|なないろ|感情電車",禁断のカルマ|ハイタテキ!|サドンデス
191,0,2017/04/23,私立恵比寿中学 IDOL march HALLTOUR 2017～今、君とここにいる～,春ツアー,新潟県,新潟県民会館 大ホール,"制服""報連相""ファンク|CHAN-CHARA-CHAN|梅|放課後ゲタ箱ロッケンロールMX|フォーエバー中坊|Go!Go!Here We Go!ロック・リー|MISSION SURVIVOR|スーパーヒーロー|コミックガール|仮契約のシンデレラ|手をつなごう|君のままで|U.B.U.|藍色のMonday|さよならばいばいまたあした|ポップコーントーン|春の嵐|紅の詩|なないろ|感情電車",スターダストライト|ハイタテキ!|サドンデス
190,0,2017/04/22,私立恵比寿中学 IDOL march HALLTOUR 2017～今、君とここにいる～,春ツアー,東京都,オリンパスホール八王子,"制服""報連相""ファンク|CHAN-CHARA-CHAN|梅|放課後ゲタ箱ロッケンロールMX|フォーエバー中坊|Go!Go!Here We Go!ロック・リー|MISSION SURVIVOR|スーパーヒーロー|コミックガール|仮契約のシンデレラ|手をつなごう|君のままで|頑張ってる途中|藍色のMonday|さよならばいばいまたあした|ポップコーントーン|春の嵐|紅の詩|なないろ|感情電車",全力☆ランナー|ハイタテキ!|サドンデス
189,6,2017/01/31,廣田あいか生誕祭ソロライブ「ァィヵヮィィ」,生誕|ソロ,東京都,ステラボール,だってぁぃぁぃなんだもーん☆|FRIENDS / 岡崎体育@with パンダ|アンタ@廣田あいか・小林歌穂|フユコイ|Wherever you are / ONE OK ROCK|The Beginning / ONE OK ROCK|Dreamin' / BOØWY|StaRt / Mrs. GREEN APPLE|Beautiful / Superfly,夢を味方に / 絢香|Chandelier / シーア
188,0,2017/01/03,新春特別公演「私立恵比寿中学×Negicco～当日までには仲良くなろうね～」,,埼玉県,大宮ソニックシティ 大ホール,仮契約のシンデレラ|ちちんぷい|ザ・ティッシュ～とまらない青春～|売れたいエモーション!|Lon de Don|中人DANCE MUSIC|アイドルばかり聴かないで@真山りか・安本彩花・廣田あいか・柏木ひなた・中山莉子・Nao|フユコイ@星名美怜・松野莉奈・小林歌穂・Megu・Kaede|アンコールの恋|まっすぐ|MISSION SURVIVOR|ラブリースマイリーベイビー|ポップコーントーン|ねぇバーディア / Negicco,永遠に中学生|エビネギ・オーライ!
187,0,2016/12/23,私立恵比寿中学 クリスマス大学芸会2016「エビ中のオーシャンズガイド」,,東京都,国立代々木競技場 第一体育館,Thanks! Merry Christmas K|あたしきっと無限ルーパー|未確認中学生X|参枚目のタフガキ|ゼッテーアナーキー|きっとインフィニティー!|キングオブ学芸会のテーマ～Nu Skool Teenage Riot～|仮契約のシンデレラ|手をつなごう|新大陸@真山りか・安本彩花・松野莉奈|たまげた恋のエルニーニョ@柏木ひなた・小林歌穂・中山莉子|んでなークリスマス@廣田あいか・星名美怜|CHAN-CHARA-CHAN|テブラデスキー～青春リバティ～|中人DANCE MUSIC|フレ!フレ!サイリウム |イイトモ|PLAYBACK|全力☆ランナー|まっすぐ|サドンデス|MISSION SURVIVOR|ちちんぷい|春休みモラトリアム中学生|こりゃめでてぇな|ポップコーントーン|永遠に中学生,
186,0,2016/12/22,私立恵比寿中学 クリスマス大学芸会2016「エビ中のオーシャンズガイド」,,東京都,国立代々木競技場 第一体育館,Thanks! Merry Christmas K|あたしきっと無限ルーパー|未確認中学生X|参枚目のタフガキ|キラキラネスキラネス|Another Day|キングオブ学芸会のテーマ～Nu Skool Teenage Riot～|仮契約のシンデレラ|手をつなごう|新大陸@真山りか・安本彩花・松野莉奈|たまげた恋のエルニーニョ@柏木ひなた・小林歌穂・中山莉子|んでなークリスマス@廣田あいか・星名美怜|CHAN-CHARA-CHAN|大人はわかってくれない|中人DANCE MUSIC|フレ!フレ!サイリウム |イイトモ|PLAYBACK|全力☆ランナー|まっすぐ|サドンデス|MISSION SURVIVOR|ちちんぷい|春休みモラトリアム中学生|Lon de Don|ポップコーントーン|えびぞりダイアモンド!!,
185,3,2016/12/16,真山りか生誕祭ソロライブ「20才だよ⁈♡真山ちゃん祭」,生誕|ソロ,東京都,ステラボール,老醜ブレイカー|イー・アル・サディスティック|Shen-Shen Passion Night|MISSION SURVIVOR|恋☆カナ / 月島きらり starring 久住小春//大爆発NO.1//なにがなんでも//Go Girl～恋のヴィクトリー～ / モーニング娘。//うしろゆびさされ組 / うしろゆびさされ組//Pink Generation / 麻帆良学園3-A生徒31人//かえして!ニーソックス / らき☆すたより//アタリメ//これでいいのだ!|Fancy Baby Doll / 田村ゆかり|ハチのムサシは死んだのさ / 平田隆夫とセルスターズ|フユコイ|蜃気楼|幸せの貼り紙はいつも背中に,Liar Mask
184,7,2016/11/04,星名美怜生誕ソロライブ「MIREITOPIA」,生誕|ソロ,東京都,ステラボール,桃色片思い / 松浦亜弥|ハイタテキ!|神さまの言うとおり|踊るガリ勉中学生|Break Free / Ariana Grande|キャンディロッガー|ラバソー / 柴咲コウ|ヒカリヘ / miwa,春休みモラトリアム中学生|やさしさで溢れるように / JUJU / Flower|キミに39
183,0,2016/11/03,秋ツアー2016～エビ中って現役中学生一人も居ないグループなんだって!～,,長野県,まつもと市民芸術館 主ホール,Go!Go!Here We Go!ロック・リー|ラブリースマイリーベイビー|ちちんぷい|仮契約のシンデレラ|バタフライエフェクト|未確認中学生X|梅|ハイタテキ!|全力☆ランナー|大人はわかってくれない|放課後ゲタ箱ロッケンロールMX|金八DANCE MUSIC|誘惑したいや|フユコイ|フレ!フレ!サイリウム|スーパーヒーロー,U.B.U.|頑張ってる途中|まっすぐ
182,c,2016/10/27,中山莉子生誕ソロライブ「中山莉子の生誕祭。」,生誕|ソロ,東京都,ステラボール,ハイタテキ!|Go!Go!Here We Go!ロック・リー|未確認中学生X|仮契約のシンデレラ|ラブリースマイリーベイビー|360°|ペコペコリーヌ|エビ中出席番号の歌 その2|さくらんぼ|頑張ってる途中,MISSION SURVIVOR
181,0,2016/10/23,秋ツアー2016～エビ中って現役中学生一人も居ないグループなんだって!～,,鹿児島県,鹿児島県文化センター 宝山ホール,ちちんぷい|ラブリースマイリーベイビー|Go!Go!Here We Go!ロック・リー|仮契約のシンデレラ|バタフライエフェクト|未確認中学生X|梅|ハイタテキ!|全力☆ランナー|大人はわかってくれない|放課後ゲタ箱ロッケンロールMX|誘惑したいや|フユコイ|フレ!フレ!サイリウム|スーパーヒーロー|まっすぐ,禁断のカルマ|金八DANCE MUSIC|手をつなごう
180,0,2016/10/15,私立恵比寿中学秋田分校 ～地域と変革の学芸会～,秋田分校,秋田県,秋田県民会館 大ホール,大漁恵比寿節 (with なまはげ郷神楽)|エビ中出席番号の歌 その2|もっと走れっ!!|キャンディロッガー|えびぞりダイアモンド!!|ハタハタ音頭（pramo with 安本彩花）|売れたいエモーション!(エビ中 meets pramo)|使ってポートフォリオ|あたしきっと無限ルーパー|仮契約のシンデレラ|歌え!踊れ!エビーダダ!|禁断のカルマ|参枚目のタフガキ|面皰|U.B.U.|ゼッテーアナーキー|ポップコーントーン|春休みモラトリアム中学生|買い物しようと町田へ|MISSION SURVIVOR,キラキラネスキラネス|まっすぐ
179,0,2016/10/09,秋ツアー2016～エビ中って現役中学生一人も居ないグループなんだって!～,,栃木県,栃木県総合文化センター メインホール,ちちんぷい|ラブリースマイリーベイビー|Go!Go!Here We Go!ロック・リー|仮契約のシンデレラ|バタフライエフェクト|未確認中学生X|夏だぜジョニー|ハイタテキ!|全力☆ランナー|大人はわかってくれない|放課後ゲタ箱ロッケンロールMX|アンコールの恋|フユコイ|フレ!フレ!サイリウム|スーパーヒーロー|まっすぐ,I'm your MANAGER!!!|蛍の光|頑張ってる途中
178,0,2016/10/01,秋ツアー2016～エビ中って現役中学生一人も居ないグループなんだって!～,,茨城県,日立市民会館,梅|大人はわかってくれない|金八DANCE MUSIC|バタフライエフェクト|未確認中学生X|夏だぜジョニー|ハイタテキ!|ちちんぷい|ラブリースマイリーベイビー|Go!Go!Here We Go!ロック・リー|仮契約のシンデレラ|アンコールの恋|フユコイ|フレ!フレ!サイリウム|スーパーヒーロー|まっすぐ,放課後ゲタ箱ロッケンロールMX|スターダストライト|誘惑したいや
177,0,2016/09/25,秋ツアー2016～エビ中って現役中学生一人も居ないグループなんだって!～,,静岡県,富士市文化会館ロゼシアター 大ホール,梅|大人はわかってくれない|金八DANCE MUSIC|バタフライエフェクト|未確認中学生X|夏だぜジョニー|ハイタテキ!|禁断のカルマ|放課後ゲタ箱ロッケンロールMX|Go!Go!Here We Go!ロック・リー|仮契約のシンデレラ|アンコールの恋|フユコイ|フレ!フレ!サイリウム|スーパーヒーロー|まっすぐ,ラブリースマイリーベイビー|涙は似合わない|手をつなごう
176,0,2016/09/24,@JAM×ナタリーEXPO 2016,フェス,千葉県,幕張メッセ,ラブリースマイリーベイビー|金八DANCE MUSIC|まっすぐ|スーパーヒーロー|仮契約のシンデレラ,
175,0,2016/09/22,秋ツアー2016～エビ中って現役中学生一人も居ないグループなんだって!～,,群馬県,桐生市市民文化会館 シルクホール,梅|大人はわかってくれない|金八DANCE MUSIC|バタフライエフェクト|未確認中学生X|夏だぜジョニー|ハイタテキ!|全力☆ランナー|I'm your MANAGER!!!|Go!Go!Here We Go!ロック・リー|誘惑したいや|アンコールの恋|フユコイ|フレ!フレ!サイリウム|スーパーヒーロー|まっすぐ,仮契約のシンデレラ|ちちんぷい|頑張ってる途中
174,0,2016/09/18,氣志團万博2016 ～房総ロックンロール・チャンピオン・カーニバル～ Presented by シミズオクト,,千葉県,袖ケ浦海浜公園,誘惑したいや|アンコールの恋|全力☆ランナー|ポップコーントーン|まっすぐ,
173,0,2016/09/10,万博へGO! with MBS 2016,,大阪府,万博記念公園 下の広場 メインステージ,禁断のカルマ|ハイタテキ!|仮契約のシンデレラ|まっすぐ,
172,0,2016/08/28,NO FEAR FESTIVAL 2016,フェス,台湾,台中市文心森林公園 圓滿戶外劇場,仮契約のシンデレラ|大人はわかってくれない|ハイタテキ!|MISSION SURVIVOR|誘惑したいや|スターダストライト|参枚目のタフガキ|永遠に中学生,
171,0,2016/08/20,エビ中 夏のファミリー遠足 略して ファミえん in 富士急 2016,ファミえん,山梨県,,ラブリースマイリーベイビー|ほぼブラジル|マブいラガタイフーン|夏だぜジョニー|大好きだよ|I'm your MANAGER!!!|キングオブ学芸会のテーマ～Nu Skool Teenage Riot～|ちちんぷい|Lon de Don|梅|オーマイゴースト?～わたしが悪霊になっても～|仮契約のシンデレラ|金八DANCE MUSIC |いつかのメイドインジャピャ～ン|ハイタテキ!|全力☆ランナー|I can't stop the loneliness|MISSION SURVIVOR|春休みモラトリアム中学生|放課後ゲタ箱ロッケンロールMX|いい湯かな?|ポップコーントーン|涙は似合わない,
170,0,2016/08/09,お台場みんなの夢大陸2016 めざましライブ,,東京都,夢大陸・みんなのオマツリランド内 特設スタジアム,春休みモラトリアム中学生|Lon de Don|買い物しようと町田へ|頑張ってる途中|ポップコーントーン|ラブリースマイリーベイビー|禁断のカルマ|MISSION SURVIVOR,
169,0,2018/08/01,a-nation island 「GIRLS' FACTORY16」,,東京都,国立代々木競技場 第一体育館,ハイタテキ!,
168,0,2018/07/31,a-nation island 「GIRLS' FACTORY16」,,東京都,国立代々木競技場 第一体育館,半世紀優等生|チェインギャング / THE BLUE HEARTS|結果オーライ|テブラデスキー～青春リバティ～|大人はわかってくれない|ナチュメロらんでぶー|誘惑したいや|ポップコーントーン|Dear Dear Dear|頑張ってる途中|アンコールの恋|涙は似合わない|手をつなごう|ちちんぷい (with 魔法少女になり隊)|ねえ中学生@with 吉澤嘉代子|面皰@with 吉澤嘉代子|バタフライエフェクト|キャンディロッガー|MISSION SURVIVOR|春休みモラトリアム中学生|I'm your MANAGER!!!|全力☆ランナー|Go!Go!Here We Go!ロック・リー|ラブリースマイリーベイビー,
167,9,2016/07/19,松野莉奈生誕ソロライブ「rinanan RADIO SHOW!!」,生誕|ソロ,東京都,ステラボール,キャンディロッガー|小さな恋のうた / MONGOL800|全力☆ランナー|変わらないもの / 奥華子|リルラ リルハ / 木村カエラ|大好きだよ|フユコイ|U.B.U.|きらきら武士 / レキシ|ラブリースマイリーベイビー,できるかな?
166,0,2016/07/18,2016 FNSうたの夏まつり～海の日スペシャル～,,東京都,ふじてれび,ラブリースマイリーベイビー,
165,0,2016/07/03,私立恵比寿中学JapanホールKeikiiiiツアー2016～the snack bar in gakugeeeekai～,春ツアー,東京都,国際フォーラム ホールA,ゼッテーアナーキー|エビ中出席番号の歌 その2|売れたいエモーション!|えびぞりダイアモンド!!|スターダストライト|禁断のカルマ|仮契約のシンデレラ|手をつなごう|キングオブ学芸会のテーマ～Nu Skool Teenage Riot～|ちちんぷい|ハイタテキ!|フユコイ|えびぞりダイアモンド!!（桜エビ～ず）|全力☆ランナー|夏だぜジョニー|ナチュメロらんでぶー|参枚目のタフガキ|面皰|お願いジーザス|春休みモラトリアム中学生|MISSION SURVIVOR,きっとインフィニティー!|スーパーヒーロー
164,0,2016/07/02,私立恵比寿中学JapanホールKeikiiiiツアー2016～the snack bar in gakugeeeekai～,春ツアー,東京都,国際フォーラム ホールA,ゼッテーアナーキー|エビ中出席番号の歌 その2|売れたいエモーション!|えびぞりダイアモンド!!|スターダストライト|禁断のカルマ|仮契約のシンデレラ|手をつなごう|キングオブ学芸会のテーマ～Nu Skool Teenage Riot～|ちちんぷい|ハイタテキ!|フユコイ|えびぞりダイアモンド!!（桜エビ～ず）|全力☆ランナー|夏だぜジョニー|ナチュメロらんでぶー|参枚目のタフガキ|面皰|お願いジーザス|春休みモラトリアム中学生|MISSION SURVIVOR,きっとインフィニティー!|スーパーヒーロー
163,5,2016/07/01,安本彩花生誕ソロライブ「安本彩花そっくりさんコンテスト 略して ヤスコン」,生誕|ソロ,東京都,ステラボール,チャイム!|ナチュメロらんでぶー|誘惑したいや|スーパーヒーロー|こりゃめでてぇな|ハイタテキ!|カブトムシ / aiko,ひまわりの約束 / 秦基博|soup / 藤原さくら|またあえるかな
162,0,2016/06/25,私立恵比寿中学JapanホールKeikiiiiツアー2016～the snack bar in gakugeeeekai～,春ツアー,兵庫県,神戸国際会館こくさいホール,ゼッテーアナーキー|エビ中出席番号の歌 その2|ザ・ティッシュ～とまらない青春～|えびぞりダイアモンド!!|パクチー|大人はわかってくれない|仮契約のシンデレラ|手をつなごう|テブラデスキー～青春リバティ～|ちちんぷい|ハイタテキ!|PLAYBACK|全力☆ランナー|夏だぜジョニー|ナチュメロらんでぶー|面皰|お願いジーザス|参枚目のタフガキ|春休みモラトリアム中学生|MISSION SURVIVOR|ポップコーントーン,Lon de Don|スーパーヒーロー
161,0,2016/06/19,私立恵比寿中学JapanホールKeikiiiiツアー2016～the snack bar in gakugeeeekai～,春ツアー,神奈川県,パシフィコ横浜 国立大ホール,ゼッテーアナーキー|エビ中出席番号の歌 その2|オーマイゴースト?～わたしが悪霊になっても～|えびぞりダイアモンド!!|仮契約のシンデレラ|あたしきっと無限ルーパー|使ってポートフォリオ|手をつなごう|キャンディロッガー|ちちんぷい|ハイタテキ!|未確認中学生X|全力☆ランナー|夏だぜジョニー|ナチュメロらんでぶー|面皰|お願いジーザス|参枚目のタフガキ|春休みモラトリアム中学生|MISSION SURVIVOR|ポップコーントーン,放課後ゲタ箱ロッケンロールMX|スーパーヒーロー
160,b,2016/06/13,小林歌穂生誕ソロライブ「ぽーランド」,生誕|ソロ,東京都,ステラボール,"気まぐれロマンティック / いきものがかり|ポップコーントーン|面皰|ぐらりぐら想い|フユコイ|""Hello|Again ～昔からある場所～ / MY LITTLE LOVER""|私の宇宙 ～ あの子のジンタ / チャラン・ポ・ランタン|Lon de Don|買い物しようと町田へ (替え歌)",
159,0,2016/06/12,私立恵比寿中学JapanホールKeikiiiiツアー2016～the snack bar in gakugeeeekai～,春ツアー,宮城県,仙台サンプラザ ホール,ゼッテーアナーキー|エビ中出席番号の歌 その2|チャイム!|えびぞりダイアモンド!!|仮契約のシンデレラ|禁断のカルマ|誘惑したいや|手をつなごう|キングオブ学芸会のテーマ～Nu Skool Teenage Riot～|ちちんぷい|ハイタテキ!|買い物しようと町田へ|全力☆ランナー|夏だぜジョニー|ナチュメロらんでぶー|面皰|お願いジーザス|参枚目のタフガキ|春休みモラトリアム中学生|MISSION SURVIVOR|ポップコーントーン,フレ!フレ!サイリウム |スーパーヒーロー
158,0,2016/06/11,私立恵比寿中学JapanホールKeikiiiiツアー2016～the snack bar in gakugeeeekai～,春ツアー,新潟県,新潟県民会館 大ホール,ゼッテーアナーキー|エビ中出席番号の歌 その2|売れたいエモーション!|えびぞりダイアモンド!!|仮契約のシンデレラ|梅|U.B.U.|手をつなごう|金八DANCE MUSIC |ちちんぷい|ハイタテキ!|アンコールの恋|全力☆ランナー|夏だぜジョニー|ナチュメロらんでぶー|面皰|お願いジーザス|参枚目のタフガキ|春休みモラトリアム中学生|MISSION SURVIVOR|ポップコーントーン,Lon de Don|スーパーヒーロー
157,0,2016/06/04,私立恵比寿中学JapanホールKeikiiiiツアー2016～the snack bar in gakugeeeekai～,春ツアー,沖縄県,沖縄市民会館 大ホール,ゼッテーアナーキー|エビ中出席番号の歌 その2|もっと走れっ!!|えびぞりダイアモンド!!|仮契約のシンデレラ|バタフライエフェクト|スターダストライト|手をつなごう|金八DANCE MUSIC |ちちんぷい|ハイタテキ!|ラブリースマイリーベイビー|全力☆ランナー|夏だぜジョニー|ナチュメロらんでぶー|面皰|お願いジーザス|参枚目のタフガキ|春休みモラトリアム中学生|MISSION SURVIVOR|ポップコーントーン,頑張ってる途中|スーパーヒーロー
156,0,2016/05/27,私立恵比寿中学JapanホールKeikiiiiツアー2016～the snack bar in gakugeeeekai～,春ツアー,東京都,NHKホール,ゼッテーアナーキー|エビ中出席番号の歌 その2|ザ・ティッシュ～とまらない青春～|えびぞりダイアモンド!!|仮契約のシンデレラ|あたしきっと無限ルーパー|誘惑したいや|手をつなごう|キングオブ学芸会のテーマ～Nu Skool Teenage Riot～|ちちんぷい|ハイタテキ!|アンコールの恋|全力☆ランナー|夏だぜジョニー|ナチュメロらんでぶー|面皰|お願いジーザス|参枚目のタフガキ|春休みモラトリアム中学生|MISSION SURVIVOR|ポップコーントーン,こりゃめでてぇな|スーパーヒーロー
155,0,2016/05/22,私立恵比寿中学JapanホールKeikiiiiツアー2016～the snack bar in gakugeeeekai～,春ツアー,北海道,ニトリ文化ホール,ゼッテーアナーキー|エビ中出席番号の歌 その2|売れたいエモーション!|えびぞりダイアモンド!!|踊るガリ勉中学生|あたしきっと無限ルーパー|誘惑したいや|手をつなごう|金八DANCE MUSIC |ちちんぷい|ハイタテキ!|テブラデスキー～青春リバティ～|全力☆ランナー|夏だぜジョニー|ナチュメロらんでぶー|面皰|お願いジーザス|参枚目のタフガキ|春休みモラトリアム中学生|MISSION SURVIVOR|ポップコーントーン,仮契約のシンデレラ|スーパーヒーロー
154,0,2016/05/15,私立恵比寿中学JapanホールKeikiiiiツアー2016～the snack bar in gakugeeeekai～,春ツアー,香川県,アルファあなぶきホール,ゼッテーアナーキー|エビ中出席番号の歌 その2|オーマイゴースト?～わたしが悪霊になっても～|えびぞりダイアモンド!!|仮契約のシンデレラ|禁断のカルマ|誘惑したいや|手をつなごう|金八DANCE MUSIC |ちちんぷい|ハイタテキ!|未確認中学生X|全力☆ランナー|夏だぜジョニー|ナチュメロらんでぶー|面皰|お願いジーザス|参枚目のタフガキ|春休みモラトリアム中学生|MISSION SURVIVOR|ポップコーントーン,フレ!フレ!サイリウム |スーパーヒーロー
153,0,2016/05/14,私立恵比寿中学JapanホールKeikiiiiツアー2016～the snack bar in gakugeeeekai～,春ツアー,埼玉県,大宮ソニックシティ 大ホール,ゼッテーアナーキー|エビ中出席番号の歌 その2|チャイム!|えびぞりダイアモンド!!|仮契約のシンデレラ|バタフライエフェクト|誘惑したいや|手をつなごう|キングオブ学芸会のテーマ～Nu Skool Teenage Riot～|ちちんぷい|ハイタテキ!|アンコールの恋|全力☆ランナー|夏だぜジョニー|ナチュメロらんでぶー|面皰|お願いジーザス|参枚目のタフガキ|春休みモラトリアム中学生|MISSION SURVIVOR|ポップコーントーン,ラブリースマイリーベイビー|スーパーヒーロー
152,0,2016/05/08,私立恵比寿中学JapanホールKeikiiiiツアー2016～the snack bar in gakugeeeekai～,春ツアー,広島県,上野学園ホール,ゼッテーアナーキー|エビ中出席番号の歌 その2|売れたいエモーション!|えびぞりダイアモンド!!|仮契約のシンデレラ|大人はわかってくれない|誘惑したいや|手をつなごう|金八DANCE MUSIC |ちちんぷい|ハイタテキ!|未確認中学生X|全力☆ランナー|夏だぜジョニー|ナチュメロらんでぶー|面皰|お願いジーザス|参枚目のタフガキ|春休みモラトリアム中学生|MISSION SURVIVOR|ポップコーントーン,放課後ゲタ箱ロッケンロールMX|スーパーヒーロー
151,0,2016/05/05,私立恵比寿中学JapanホールKeikiiiiツアー2016～the snack bar in gakugeeeekai～,春ツアー,大阪府,グランキューブ大阪 メインホール,ゼッテーアナーキー|エビ中出席番号の歌 その2|ザ・ティッシュ～とまらない青春～|えびぞりダイアモンド!!|仮契約のシンデレラ|梅|U.B.U.|手をつなごう|金八DANCE MUSIC |ちちんぷい|ハイタテキ!|未確認中学生X|全力☆ランナー|夏だぜジョニー|ナチュメロらんでぶー|面皰|お願いジーザス|参枚目のタフガキ|春休みモラトリアム中学生|MISSION SURVIVOR|ポップコーントーン,ラブリースマイリーベイビー|スーパーヒーロー
150,0,2016/05/03,私立恵比寿中学JapanホールKeikiiiiツアー2016～the snack bar in gakugeeeekai～,春ツアー,愛知県,名古屋国際会議場 センチュリーホール,ゼッテーアナーキー|エビ中出席番号の歌 その2|売れたいエモーション!|えびぞりダイアモンド!!|仮契約のシンデレラ|禁断のカルマ|誘惑したいや|手をつなごう|金八DANCE MUSIC |ちちんぷい|ハイタテキ!|未確認中学生X|全力☆ランナー|夏だぜジョニー|ナチュメロらんでぶー|面皰|お願いジーザス|参枚目のタフガキ|春休みモラトリアム中学生|MISSION SURVIVOR|ポップコーントーン,Go!Go!Here We Go!ロック・リー|スーパーヒーロー
149,0,2016/05/01,私立恵比寿中学JapanホールKeikiiiiツアー2016～the snack bar in gakugeeeekai～,春ツアー,福岡県,福岡サンパレス,ゼッテーアナーキー|エビ中出席番号の歌 その2|オーマイゴースト?～わたしが悪霊になっても～|えびぞりダイアモンド!!|仮契約のシンデレラ|梅|誘惑したいや|手をつなごう|金八DANCE MUSIC |ちちんぷい|ハイタテキ!|未確認中学生X|全力☆ランナー|夏だぜジョニー|ナチュメロらんでぶー|面皰|お願いジーザス|参枚目のタフガキ|春休みモラトリアム中学生|MISSION SURVIVOR|ポップコーントーン,頑張ってる途中|スーパーヒーロー
148,0,2016/04/29,ニコニコ超会議2016「超演奏してみた supported by サークルKサンクス 」,,千葉県,幕張メッセ,頑張ってる途中|ラブリースマイリーベイビー|MISSION SURVIVOR|春休みモラトリアム中学生|ちちんぷい|梅,
147,0,2016/04/23,私立恵比寿中学JapanホールKeikiiiiツアー2016～the snack bar in gakugeeeekai～,春ツアー,千葉県,市原市市民会館,ゼッテーアナーキー|エビ中出席番号の歌 その2|ザ・ティッシュ～とまらない青春～|えびぞりダイアモンド!!|踊るガリ勉中学生|大人はわかってくれない|誘惑したいや|手をつなごう|金八DANCE MUSIC |ちちんぷい|ハイタテキ!|PLAYBACK|全力☆ランナー|夏だぜジョニー|ナチュメロらんでぶー|面皰|お願いジーザス|参枚目のタフガキ|春休みモラトリアム中学生|MISSION SURVIVOR|ポップコーントーン,仮契約のシンデレラ|スーパーヒーロー
146,0,2016/02/20,MUSIC SHOWERチュートリアルの徳ダネ福キタル♪,,東京都,豊洲PIT,大人はわかってくれない|ハイタテキ!|金八DANCE MUSIC|未確認中学生X|フユコイ,
145,0,2016/01/31,秘密結社★ブラックタイガー会員限定イベント 2016,FCイベント,神奈川県,パシフィコ横浜 国立大ホール,Liar Mask@真山りか|キミに39@星名美怜|ぐらりぐら想い@小林歌穂|できるかな?@松野莉奈|ペコペコリーヌ@中山莉子|ぁぃぁぃといく日本全国鉄道の旅@廣田あいか|またあえるかな@安本彩花|こりゃめでてぇな|ほぼブラジル|ナチュメロらんでぶー|梅|ちちんぷい|ツヨク想う@廣田あいか|中人DANCE MUSIC|幸せの貼り紙はいつも背中に|スーパーヒーロー|蛍の光,
144,0,2016/01/31,秘密結社★ブラックタイガー会員限定イベント 2016,FCイベント,神奈川県,パシフィコ横浜 国立大ホール,またあえるかな@安本彩花|Liar Mask@真山りか|できるかな?@松野莉奈|キミに39@星名美怜|ぁぃぁぃといく日本全国鉄道の旅@廣田あいか|ぐらりぐら想い@小林歌穂|ペコペコリーヌ@中山莉子|こりゃめでてぇな|夏だぜジョニー|ナチュメロらんでぶー|踊るガリ勉中学生|Lon de Don|ツヨク想う@廣田あいか|サクラ・ゴーラウンド|誘惑したいや|スーパーヒーロー,
143,0,2016/01/09,俺の藤井 2016 in さいたまスーパーアリーナ～Tynamite!!～やっぱりライブ！スタフェス～2016～,,埼玉県,さいたまスーパーアリーナ,こりゃめでてぇな|ハイタテキ!|売れたいエモーション!|金八DANCE MUSIC |ザ・ティッシュ～とまらない青春～|未確認中学生X|頑張ってる途中,
142,0,2016/01/08,俺の藤井 2016 in さいたまスーパーアリーナ～Tynamite!!～第1回 ワンデイワールドリーグ戦,,埼玉県,さいたまスーパーアリーナ,放課後ゲタ箱ロッケンロールMX|仮契約のシンデレラ|スーパーヒーロー,
141,0,2015/12/16,2015 FNS 歌謡祭 THE LIVE,,東京都,ふじてれび,Chai Maxx (with ももいろクローバーZ・チームしょちほこ) / ももいろクローバーZ,
140,0,2015/12/13,私立恵比寿中学 年忘れ大学芸会2015「エビ中のオールアトラクスター」,,埼玉県,さいたまスーパーアリーナ,ポンパラ ペコルナ パピヨッタ|あたしきっと無限ルーパー//金八DANCE MUSIC//使ってポートフォリオ|こりゃめでてぇな|未確認中学生X|キラキラネスキラネス|禁断のカルマ|放課後ゲタ箱ロッケンロールMX|キングオブ学芸会のテーマ～Nu Skool Teenage Riot～|テブラデスキー～青春リバティ～|sky is the limit@安本彩花・星名美怜|アパレルダーV@松野莉奈・中山莉子|宇宙戦争宣戦布告@真山りか・小林歌穂|光年の愛@廣田あいか・柏木ひなた|仮契約のシンデレラ|アンコールの恋|フユコイ|PLAYBACK|ハイタテキ!|ちちんぷい|涙は似合わない|フレ!フレ!サイリウム|スーパーヒーロー,ラブリースマイリーベイビー|買い物しようと町田へ|永遠に中学生
139,0,2015/12/13,私立恵比寿中学 年忘れ大学芸会2015「エビ中のオールアトラクスター」,,埼玉県,さいたまスーパーアリーナ,ポンパラ ペコルナ パピヨッタ|あたしきっと無限ルーパー//金八DANCE MUSIC//使ってポートフォリオ|こりゃめでてぇな|未確認中学生X|キラキラネスキラネス|仮契約のシンデレラ|放課後ゲタ箱ロッケンロールMX|キングオブ学芸会のテーマ～Nu Skool Teenage Riot～|テブラデスキー～青春リバティ～|sky is the limit@安本彩花・星名美怜|アパレルダーV@松野莉奈・中山莉子|宇宙戦争宣戦布告@真山りか・小林歌穂|光年の愛@廣田あいか・柏木ひなた|バタフライエフェクト|アンコールの恋|フユコイ|PLAYBACK|ハイタテキ!|ちちんぷい|手をつなごう|I'm your MANAGER!!!|スーパーヒーロー,Go!Go!Here We Go!ロック・リー|えびぞりダイアモンド!!|頑張ってる途中
138,0,2015/10/25,めざましテレビ presents T-SPOOK ～TOKYO HALLOWEEN PARTY～,,東京都,,ちちんぷい|オーマイゴースト?～わたしが悪霊になっても～|Lon de Don|こりゃめでてぇな|スーパーヒーロー,
137,0,2015/10/17,「スーパーヒーロー」フリーイベント,,東京都,ダイバーシティ東京プラザ 2F フェスティバル広場,金八DANCE MUSIC |エビ中出席番号の歌 その2|ちちんぷい|未確認中学生X|スーパーヒーロー,
136,0,2015/10/12,HAPPY HALLOWEEN 私立恵比寿中学 仮面舞踏会,,,山野ホール,仮契約のシンデレラ|ハイタテキ!|ちちんぷい|金八DANCE MUSIC |フレ!フレ!サイリウム|スーパーヒーロー,
135,0,2015/10/10,「自習vol.4」2時間目,,東京都,新木場STUDIO COAST,キングオブ学芸会のテーマ～Nu Skool Teenage Riot～|エビ中出席番号の歌 その2|金八DANCE MUSIC|誘惑したいや|神さまの言うとおり|仮契約のシンデレラ|えびぞりダイアモンド!!|放課後ゲタ箱ロッケンロールMX|いつかのメイドインジャピャ～ン|ちちんぷい|大人はわかってくれない|ラブリースマイリーベイビー,ダイビング|また明日
134,0,2015/10/10,「自習vol.4」1時間目,,東京都,新木場STUDIO COAST,パクチー|キャンディロッガー|あたしきっと無限ルーパー|売れたいエモーション!|使ってポートフォリオ|エビ中一週間|ちちんぷい|大好きだよ|誘惑したいや|フユコイ|アンコールの恋|スーパーヒーロー |スターダストライト,幸せの貼り紙はいつも背中に|ラブリースマイリーベイビー
133,0,2015/10/09,「自習vol.3」,,東京都,新木場STUDIO COAST,もっと走れっ!!|えびぞりダイアモンド!!|禁断のカルマ|エビ中一週間|パクチー|結果オーライ|PLAYBACK|エビ中出席番号の歌 その2|踊るガリ勉中学生|梅|大漁恵比寿節|Lon de Don|放課後ゲタ箱ロッケンロールMX,スーパーヒーロー|売れたいエモーション!
132,0,2015/10/04,「スーパーヒーロー」フリーイベント,,大阪府,大阪南港 ATC 海辺のステージ,あたしきっと無限ルーパー|ザ・ティッシュ～とまらない青春～|仮契約のシンデレラ|ラブリースマイリーベイビー|スーパーヒーロー,
131,0,2015/10/03,ユニコーンEBI50祭-海老乃大漁祭-,,神奈川県,パシフィコ横浜 国立大ホール,大漁恵比寿節|未確認中学生X|金八DANCE MUSIC|買い物しようと町田へ,
130,0,2015/10/02,ユニコーンEBI50祭-海老乃大漁祭-,,神奈川県,パシフィコ横浜 国立大ホール,大漁恵比寿節|ザ・ティッシュ～とまらない青春～|金八DANCE MUSIC|永遠に中学生,
129,0,2015/09/27,TOWER RECORDS presents Bowline 2015 curated by クリープハイプ & TOWER RECORDS,,,,仮契約のシンデレラ|大人はわかってくれない|ハイタテキ!|アンコールの恋|誘惑したいや|蛍の光,
128,0,2015/09/22,私立恵比寿中学秋田分校 はじめての学芸会!,秋田分校,秋田県,秋田市文化会館 大ホール,大漁恵比寿節|エビ中出席番号の歌 その2|エビ中一週間|チャイム!|金八DANCE MUSIC|えびぞりダイアモンド!!@with pramo|キャンディロッガー|仮契約のシンデレラ|ハイタテキ!|禁断のカルマ|アンコールの恋|キングオブ学芸会のテーマ～Nu Skool Teenage Riot～|ちちんぷい|手をつなごう|PLAYBACK|スターダストライト|使ってポートフォリオ|幸せの貼り紙はいつも背中に|頑張ってる途中,
127,0,2015/09/20,氣志團万博2015 ～房総 ! 抗争 ! 天下無双 ! 妄想 ! 狂騒 ! 大暴走 ! ～,,,,えびぞりダイアモンド!!//チャイム!//ザ・ティッシュ～とまらない青春～//オーマイゴースト?～わたしが悪霊になっても～//売れたいエモーション!//仮契約のシンデレラ//放課後ゲタ箱ロッケンロールMX//Go!Go!Here We Go!ロック・リー//大人はわかってくれない//梅//頑張ってる途中//禁断のカルマ//手をつなごう//誘惑したいや//未確認中学生X//バタフライエフェクト//ハイタテキ!//金八DANCE MUSIC//夏だぜジョニー//ナチュメロらんでぶー,
126,0,2015/09/13,万博へGO with MBS 2015,,大阪府,万博記念公園 下の広場 メインステージ,キングオブ学芸会のテーマ～Nu Skool Teenage Riot～|ザ・ティッシュ～とまらない青春～|U.B.U.|ハイタテキ!|買い物しようと町田へ,
125,0,2015/08/29,@JAM EXPO 2015,フェス,,,売れたいエモーション!|ハイタテキ!|オーマイゴースト?～わたしが悪霊になっても～|大人はわかってくれない|仮契約のシンデレラ|永遠に中学生,
124,0,2015/08/22,エビ中 夏のファミリー遠足 略してファミえん in 長岡2015,ファミえん,新潟県,新潟県国営越後丘陵公園 野外特設ステージ,半世紀優等生|脳漿炸裂ガール|ご存知!エビ中音頭|夏だぜジョニー|ほぼブラジル|テブラデスキー～青春リバティ～|キャンディロッガー|誘惑したいや|仮契約のシンデレラ|ラブリースマイリーベイビー|揚げろ!エビフライ|Go!Go!Here We Go!ロック・リー|未確認中学生X|いつかのメイドインジャピャ～ン|放課後ゲタ箱ロッケンロールMX|金八DANCE MUSIC |いい湯かな?|涙は似合わない|フレ!フレ!サイリウム|エビ中出席番号の歌 その2|買い物しようと町田へ|ナチュメロらんでぶー,ハイタテキ!|ちちんぷい
123,0,2015/08/05,a-nation island 坂崎幸之助のももいろフォーク村デラックス,,東京都,国立代々木競技場 第一体育館,またあえるかな@真山りか・安本彩花・廣田あいか・柏木ひなた・森山|ぁぃぁぃといく日本全国鉄道の旅@廣田あいか・佐々木彩夏,
122,0,2015/08/03,a-nation island GIRLS' FACTORY 15 DAY1,,,,バタフライエフェクト (with ねごと)|ラブリースマイリーベイビー|金八DANCE MUSIC|夏だぜジョニー|キャンディロッガー|大人はわかってくれない|アンコールの恋|ハイタテキ!|頑張ってる途中|仮契約のシンデレラ|フレ!フレ!サイリウム|手をつなごう,
121,0,2015/07/28,めざましライブ 2015,,東京都,お台場夢大陸 SUMMER GATE スタジアム (東京都),オーマイゴースト?～わたしが悪霊になっても～|ほぼブラジル|揚げろ!エビフライ|夏だぜジョニー|Go!Go!Here We Go!ロック・リー|ラブリースマイリーベイビー,誘惑したいや|スターダストライト|ナチュメロらんでぶー
120,0,2015/07/19,JOIN ALIVE 2015,,北海道,いわみざわ公園,キングオブ学芸会のテーマ～Nu Skool Teenage Riot～|金八DANCE MUSIC |夏だぜジョニー|ハイタテキ!|放課後ゲタ箱ロッケンロールMX|買い物しようと町田へ,
119,0,2015/06/27,私立恵比寿中学飛び出せ全十ホールツアー 2015～わっくわくはるバルーンGOGO～,,東京都,NHKホール,夏だぜジョニー|キングオブ学芸会のテーマ～Nu Skool Teenage Riot～|未確認中学生X|金八DANCE MUSIC|Go!Go!Here We Go!ロック・リー|梅|Lon de Don|大漁恵比寿節|早弁ラップ|バタフライエフェクト|ちちんぷい|テブラデスキー～青春リバティ～|ラブリースマイリーベイビー|どしゃぶりリグレット|アンコールの恋|フユコイ|PLAYBACK|キャンディロッガー|大人はわかってくれない|ハイタテキ!|オーマイゴースト?～わたしが悪霊になっても～|放課後ゲタ箱ロッケンロールMX|ムスタファ|仮契約のシンデレラ|またあえるかな（7人から彩花へのサプライズ）|幸せの貼り紙はいつも背中に|買い物しようと町田へ,永遠に中学生
118,0,2015/06/20,YATSUI FESTIVAL! 2015,フェス,,TSUTAYA O-EAST,チュパカブラ@with U-zhaan|ちちんぷい@with 魔法少女になり隊|頑張ってる途中@with レキシ|買い物しようと町田へ@with 渋さ知らズオーケストラ,
117,0,2015/06/18,私立恵比寿中学飛び出せ全十ホールツアー 2015～わっくわくはるバルーンGOGO～,春ツアー,神奈川県,神奈川県民ホール 大ホール,チャイム!|キングオブ学芸会のテーマ～Nu Skool Teenage Riot～|未確認中学生X|金八DANCE MUSIC |パクチー|禁断のカルマ|あたしきっと無限ルーパー|大漁恵比寿節|早弁ラップ|バタフライエフェクト|ちちんぷい|テブラデスキー～青春リバティ～|ラブリースマイリーベイビー|揚げろ!エビフライ|アンコールの恋|フユコイ|PLAYBACK|キャンディロッガー|夏だぜジョニー|仮契約のシンデレラ|ハイタテキ!|放課後ゲタ箱ロッケンロールMX|フレ!フレ!サイリウム|幸せの貼り紙はいつも背中に|買い物しようと町田へ,
116,0,2015/06/06,私立恵比寿中学飛び出せ全十ホールツアー 2015～わっくわくはるバルーンGOGO～,春ツアー,大阪府,オリックス劇場,ちちんぷい|キングオブ学芸会のテーマ～Nu Skool Teenage Riot～|未確認中学生X|金八DANCE MUSIC |使ってポートフォリオ|売れたいエモーション!|梅|大漁恵比寿節|早弁ラップ|バタフライエフェクト|テブラデスキー～青春リバティ～|誘惑したいや|ラブリースマイリーベイビー|どしゃぶりリグレット|アンコールの恋|フユコイ|PLAYBACK|ハイタテキ!|放課後ゲタ箱ロッケンロールMX|仮契約のシンデレラ|Go!Go!Here We Go!ロック・リー|夏だぜジョニー|幸せの貼り紙はいつも背中に|涙は似合わない|買い物しようと町田へ,
115,0,2015/05/21,私立恵比寿中学飛び出せ全十ホールツアー 2015～わっくわくはるバルーンGOGO～,春ツアー,東京都,NHKホール,ちちんぷい|キングオブ学芸会のテーマ～Nu Skool Teenage Riot～|未確認中学生X|金八DANCE MUSIC |パクチー|禁断のカルマ|踊るガリ勉中学生|大漁恵比寿節|早弁ラップ|バタフライエフェクト|テブラデスキー～青春リバティ～|誘惑したいや|ラブリースマイリーベイビー|どしゃぶりリグレット|アンコールの恋|フユコイ|PLAYBACK|U.B.U.|大人はわかってくれない|仮契約のシンデレラ|ハイタテキ!|放課後ゲタ箱ロッケンロールMX|幸せの貼り紙はいつも背中に|スターダストライト|買い物しようと町田へ,
114,0,2015/05/20,私立恵比寿中学飛び出せ全十ホールツアー 2015～わっくわくはるバルーンGOGO～,春ツアー,東京都,NHKホール,ちちんぷい|キングオブ学芸会のテーマ～Nu Skool Teenage Riot～|未確認中学生X|金八DANCE MUSIC|使ってポートフォリオ|禁断のカルマ|あたしきっと無限ルーパー|大漁恵比寿節|早弁ラップ|バタフライエフェクト|テブラデスキー～青春リバティ～|誘惑したいや|ラブリースマイリーベイビー|どしゃぶりリグレット|アンコールの恋|フユコイ|PLAYBACK|頑張ってる途中|I'm your MANAGER!!!|仮契約のシンデレラ|ハイタテキ!|放課後ゲタ箱ロッケンロールMX|幸せの貼り紙はいつも背中に|スターダストライト|買い物しようと町田へ,
113,0,2015/05/17,私立恵比寿中学飛び出せ全十ホールツアー 2015～わっくわくはるバルーンGOGO～,春ツアー,広島県,アステールプラザ 大ホール,えびぞりダイアモンド!!|キングオブ学芸会のテーマ～Nu Skool Teenage Riot～|未確認中学生X|金八DANCE MUSIC |禁断のカルマ|売れたいエモーション!|梅|大漁恵比寿節|早弁ラップ|バタフライエフェクト|ちちんぷい|テブラデスキー～青春リバティ～|誘惑したいや|どしゃぶりリグレット|アンコールの恋|フユコイ|PLAYBACK|頑張ってる途中|大人はわかってくれない|仮契約のシンデレラ|ハイタテキ!|放課後ゲタ箱ロッケンロールMX|幸せの貼り紙はいつも背中に|涙は似合わない|買い物しようと町田へ,
112,0,2015/05/09,私立恵比寿中学飛び出せ全十ホールツアー 2015～わっくわくはるバルーンGOGO～,春ツアー,北海道,札幌市教育文化会館 大ホール,ちちんぷい|キングオブ学芸会のテーマ～Nu Skool Teenage Riot～|未確認中学生X|金八DANCE MUSIC |梅|禁断のカルマ|あたしきっと無限ルーパー|大漁恵比寿節|早弁ラップ|バタフライエフェクト|テブラデスキー～青春リバティ～|誘惑したいや|ラブリースマイリーベイビー|どしゃぶりリグレット|アンコールの恋|フユコイ|PLAYBACK|頑張ってる途中|I'm your MANAGER!!!|仮契約のシンデレラ|ハイタテキ!|放課後ゲタ箱ロッケンロールMX|フレ!フレ!サイリウム |幸せの貼り紙はいつも背中に|買い物しようと町田へ,
111,0,2015/05/06,私立恵比寿中学飛び出せ全十ホールツアー 2015～わっくわくはるバルーンGOGO～,春ツアー,福岡県,福岡国際会議場 メインホール,ちちんぷい|キングオブ学芸会のテーマ～Nu Skool Teenage Riot～|未確認中学生X|金八DANCE MUSIC |梅|禁断のカルマ|踊るガリ勉中学生|大漁恵比寿節|早弁ラップ|バタフライエフェクト|テブラデスキー～青春リバティ～|誘惑したいや|ラブリースマイリーベイビー|どしゃぶりリグレット|アンコールの恋|フユコイ|PLAYBACK|頑張ってる途中|大人はわかってくれない|仮契約のシンデレラ|ハイタテキ!|放課後ゲタ箱ロッケンロールMX|幸せの貼り紙はいつも背中に|手をつなごう|買い物しようと町田へ,
110,0,2015/05/04,私立恵比寿中学飛び出せ全十ホールツアー 2015～わっくわくはるバルーンGOGO～,春ツアー,愛知県,名古屋市公会堂 大ホール,ちちんぷい|キングオブ学芸会のテーマ～Nu Skool Teenage Riot～|未確認中学生X|金八DANCE MUSIC |梅|禁断のカルマ|踊るガリ勉中学生|大漁恵比寿節|早弁ラップ|バタフライエフェクト|テブラデスキー～青春リバティ～|誘惑したいや|ラブリースマイリーベイビー|揚げろ!エビフライ|アンコールの恋|フユコイ|PLAYBACK|頑張ってる途中|I'm your MANAGER!!!|仮契約のシンデレラ|ハイタテキ!|放課後ゲタ箱ロッケンロールMX|Go!Go!Here We Go!ロック・リー|Lon de Don|買い物しようと町田へ,
109,0,2015/04/29,私立恵比寿中学飛び出せ全十ホールツアー 2015～わっくわくはるバルーンGOGO～,春ツアー,和歌山県,和歌山市民会館 大ホール,Go!Go!Here We Go!ロック・リー|キングオブ学芸会のテーマ～Nu Skool Teenage Riot～|未確認中学生X|金八DANCE MUSIC|禁断のカルマ|売れたいエモーション!|梅|大漁恵比寿節|早弁ラップ|バタフライエフェクト|ちちんぷい|テブラデスキー～青春リバティ～|誘惑したいや|どしゃぶりリグレット|アンコールの恋|フユコイ|PLAYBACK|頑張ってる途中|I'm your MANAGER!!!|仮契約のシンデレラ|ハイタテキ!|放課後ゲタ箱ロッケンロールMX|幸せの貼り紙はいつも背中に|永遠に中学生|買い物しようと町田へ,
108,0,2015/04/26,ニコニコ超会議2015「超演奏してみた supported by サークルKサンクス」,,千葉県,幕張メッセ,えびぞりダイアモンド!!|ザ・ティッシュ～とまらない青春～|ちちんぷい|梅|ハイタテキ!|HAPPY（カヴァー）,
107,0,2015/04/25,私立恵比寿中学飛び出せ全十ホールツアー 2015～わっくわくはるバルーンGOGO～,春ツアー,千葉県,森のホール21 大ホール,ちちんぷい|キングオブ学芸会のテーマ～Nu Skool Teenage Riot～|未確認中学生X|金八DANCE MUSIC|禁断のカルマ|大人はわかってくれない|踊るガリ勉中学生|大漁恵比寿節|早弁ラップ|バタフライエフェクト|テブラデスキー～青春リバティ～|誘惑したいや|ラブリースマイリーベイビー|どしゃぶりリグレット|アンコールの恋|フユコイ|PLAYBACK|頑張ってる途中|I'm your MANAGER!!!|仮契約のシンデレラ|ハイタテキ!|放課後ゲタ箱ロッケンロールMX|フレ!フレ!サイリウム|幸せの貼り紙はいつも背中に|買い物しようと町田へ,
106,0,2015/04/19,私立恵比寿中学飛び出せ全十ホールツアー 2015～わっくわくはるバルーンGOGO～,春ツアー,新潟県,新潟テルサ,ちちんぷい|キングオブ学芸会のテーマ～Nu Skool Teenage Riot～|未確認中学生X|金八DANCE MUSIC|禁断のカルマ|大人はわかってくれない|梅|大漁恵比寿節|早弁ラップ|バタフライエフェクト|テブラデスキー～青春リバティ～|誘惑したいや|涙は似合わない|どしゃぶりリグレット|アンコールの恋|フユコイ|PLAYBACK|頑張ってる途中|I'm your MANAGER!!!|仮契約のシンデレラ|ハイタテキ!|放課後ゲタ箱ロッケンロールMX|幸せの貼り紙はいつも背中に|手をつなごう|買い物しようと町田へ,
105,0,2015/04/11,私立恵比寿中学飛び出せ全十ホールツアー 2015～わっくわくはるバルーンGOGO～,春ツアー,宮城県,東京エレクトロンホール宮城,ちちんぷい|キングオブ学芸会のテーマ～Nu Skool Teenage Riot～|未確認中学生X|金八DANCE MUSIC|禁断のカルマ|大人はわかってくれない|あたしきっと無限ルーパー|大漁恵比寿節|早弁ラップ|バタフライエフェクト|テブラデスキー～青春リバティ～|誘惑したいや|チュパカブラ|どしゃぶりリグレット|アンコールの恋|フユコイ|PLAYBACK|頑張ってる途中|I'm your MANAGER!!!|仮契約のシンデレラ|ハイタテキ!|放課後ゲタ箱ロッケンロールMX|幸せの貼り紙はいつも背中に|永遠に中学生|買い物しようと町田へ,
104,0,2015/02/07,ブラックタイガー会員限定イベント～秘密結社の集い（内緒で来てください）～,FCイベント,千葉県,幕張メッセ イベントホール,金八DANCE MUSIC～MステSPヴァージョン～|大漁恵比寿節|U.B.U.|バタフライエフェクト|またあえるかな@小林歌穂|一生 一緒 いいっしょ?@中山莉子|ぁぃぁぃといく日本全国鉄道の旅@真山りか|キミに39@廣田あいか|アンタ@松野莉奈|仮契約のシンデレラ@星名美怜|売れたいエモーション!@安本彩花|大好きだよ@柏木ひなた|ちちんぷい|未確認中学生X|揚げろ!エビフライ|フユコイ|涙は似合わない|チュパカブラ|幸せの貼り紙はいつも背中に|ハイタテキ!|手をつなごう|蛍の光,
103,0,2015/01/25,KAWAII POP FES by @JAM×J-GIRL POP WAVE vol.4 in台湾2015,フェス,台湾,The WALL TAIPEI,売れたいエモーション!|ザ・ティッシュ～とまらない青春～|バタフライエフェクト|放課後ゲタ箱ロッケンロールMX|梅|使ってポートフォリオ|アンコールの恋|Lon de Don|揚げろ!エビフライ|仮契約のシンデレラ,
102,0,2015/01/12,ふじいとヨメの七日間戦争 俺のエビしゃちライブ,,東京都,日本青年館 大ホール,ラブリースマイリーベイビー|ハイタテキ!|禁断のカルマ|誘惑したいや|チュパカブラ|大人はわかってくれない|放課後ゲタ箱ロッケンロールMX|仮契約のシンデレラ|もっと走れっ!!|頑張ってる途中|幸せの貼り紙はいつも背中に|ザ・ティッシュ～とまらない青春～|また明日,
101,0,2015/01/11,ふじいとヨメの七日間戦争 俺のザ・ベストテン,,東京都,日本青年館 大ホール,ぐらりぐら想い@小林歌穂|またあえるかな@安本彩花|一生 一緒 いいっしょ?@柏木ひなた|キミに39@星名美怜,
100,0,2015/01/07,ふじいとヨメの七日間戦争 俺のエビ中ライブ,,東京都,日本青年館 大ホール,大漁恵比寿節|ハイタテキ!|I can't stop the loneliness|未確認中学生X|バタフライエフェクト|あたしきっと無限ルーパー|踊るガリ勉中学生|梅|えびぞりダイアモンド!!|パクチー|アンコールの恋|誘惑したいや|涙は似合わない|Go!Go!Here We Go!ロック・リー|使ってポートフォリオ|中人DANCE MUSIC|スターダストライト|手をつなごう|フレ!フレ!サイリウム|永遠に中学生|仮契約のシンデレラ,
99,0,2014/12/21,「エビ中　真夏の南半キュリスマス」in 有明コロシアム,,東京都,有明コロシアム,Thanks! Merry Christmas K|未確認中学生X|Go!Go!Here We Go!ロック・リー|ハイタテキ!|ご存知!エビ中音頭|大漁恵比寿節|いつかのメイドインジャピャ～ン|放課後ゲタ箱ロッケンロールMX|チュパカブラ|もっと走れっ!!|サクラ・ゴーラウンド|パクチー|あたしきっと無限ルーパー|踊るガリ勉中学生|バタフライエフェクト|ラブリースマイリーベイビー|あるあるフラダンス|結果オーライ|ザ・ティッシュ～とまらない青春～|売れたいエモーション!|Lon de Don|揚げろ!エビフライ|ほぼブラジル,
98,0,2014/12/19,「エビ中　真冬の北半キュリスマス」in 有明コロシアム,,東京都,有明コロシアム,Thanks! Merry Christmas K|幸せの貼り紙はいつも背中に|約束|涙は似合わない|大好きだよ|I'm your MANAGER!!!|使ってポートフォリオ|Another Day|仮契約のシンデレラ|また明日|頑張ってる途中|イッショウトモダチ|フユコイ|大人はわかってくれない|アンコールの恋|禁断のカルマ|チャイム!|どしゃぶりリグレット|スターダストライト|U.B.U.|手をつなごう|フレ!フレ!サイリウム|永遠に中学生,
97,3,2014/11/28,「Liar Mask」発売記念フリーイベント～マヤマが斬る！～,,大阪府,あべのキューズモール,Liar Mask|蜃気楼,
96,3,2014/11/27,「Liar Mask」発売記念フリーイベント～マヤマが斬る！～,,千葉県,ららぽーと柏の葉,Liar Mask|蜃気楼,
95,3,2014/11/26,「Liar Mask」発売記念フリーイベント～マヤマが斬る！～,,東京都,MEGA WEB トヨタ シティショウケース,Liar Mask|蜃気楼,
94,0,2014/11/08,私立恵比寿中学 東西大学芸会2014「エビ中のおもちゃビッグガレージ」,,兵庫県,神戸ワールド記念ホール,ハイタテキ!|えびぞりダイアモンド!!|放課後ゲタ箱ロッケンロールMX|Go!Go!Here We Go!ロック・リー|I can't stop the loneliness|梅|未確認中学生X|バタフライエフェクト|ペコペコリーヌ@中山莉子|できるかな?@松野莉奈|またあえるかな@安本彩花|Liar Mask@真山りか|踊るガリ勉中学生|スターダストライト|アンコールの恋|U.B.U.|I'm your MANAGER!!!|ラブリースマイリーベイビー|Lon de Don|涙は似合わない|仮契約のシンデレラ|フレ!フレ!サイリウム |幸せの貼り紙はいつも背中に|大漁恵比寿節|あたしきっと無限ルーパー|大人はわかってくれない|手をつなごう,
93,0,2014/11/03,私立恵比寿中学 東西大学芸会2014「エビ中のおもちゃビッグガレージ」,,神奈川県,横浜アリーナ,ハイタテキ!|えびぞりダイアモンド!!|オーマイゴースト?～わたしが悪霊になっても～|Go!Go!Here We Go!ロック・リー|I can't stop the loneliness|梅|未確認中学生X|バタフライエフェクト|キミに39@星名美怜|ぐらりぐら想い@小林歌穂|Fantastic Baby Love@柏木ひなた|ぁぃぁぃといく日本全国鉄道の旅@廣田あいか|踊るガリ勉中学生|スターダストライト|アンコールの恋|誘惑したいや|I'm your MANAGER!!!|ラブリースマイリーベイビー|Lon de Don|涙は似合わない|仮契約のシンデレラ|フレ!フレ!サイリウム|幸せの貼り紙はいつも背中に|大漁恵比寿節|ザ・ティッシュ～とまらない青春～|放課後ゲタ箱ロッケンロールMX|頑張ってる途中,
92,0,2014/10/19,エビマニvol.1〜逆襲の干され曲〜,,千葉県,舞浜アンフィシアター,ダイビング|結果オーライ|歌え!踊れ!エビーダダ!|パクチー|U.B.U.|エビ中一週間|あたしきっと無限ルーパー|Another Day|どしゃぶりリグレット|大好きだよ|新・青春そのもの|ONE LOVE|中人DANCE MUSIC|使ってポートフォリオ|揚げろ!エビフライ|約束|また明日,
91,0,2014/10/18,エビ中×流れ星 グローバル化計画 SPECIAL☆NIGHT in舞浜,,千葉県,舞浜アンフィシアター,バタフライエフェクト|未確認中学生X|ほぼブラジル|Lon de Don|誘惑したいや|ハイタテキ!|仮契約のシンデレラ|ラブリースマイリーベイビー,
90,0,2014/10/13,サークルＫサンクス ハロウィン企画 私立恵比寿中学 ハロウィンミニライブ,,,,オーマイゴースト?～わたしが悪霊になっても～|禁断のカルマ|バタフライエフェクト|仮契約のシンデレラ|ハイタテキ!,
89,0,2014/10/12,私立恵比寿中学オータムソニー・ミュージックレーベルズハヌケツアー2014～どうかせんぱちぱちhahahaん～,,愛媛県,城山公園堀之内地区 ふれあい交流広場,アンコールの恋|頑張ってる途中|仮契約のシンデレラ|放課後ゲタ箱ロッケンロールMX|誘惑したいや|ハイタテキ!,
88,0,2014/10/05,私立恵比寿中学オータムソニー・ミュージックレーベルズハヌケツアー2014～どうかせんぱちぱちhahahaん～,,和歌山県,イオンモール和歌山,ダイビング|ラブリースマイリーベイビー|Go!Go!Here We Go!ロック・リー|梅|ハイタテキ!,えびぞりダイアモンド!!
87,0,2014/09/27,私立恵比寿中学オータムソニー・ミュージックレーベルズハヌケツアー2014～どうかせんぱちぱちhahahaん～,,秋田県,イオンモール秋田,バタフライエフェクト|仮契約のシンデレラ|ラブリースマイリーベイビー|ザ・ティッシュ～とまらない青春～|ハイタテキ!,放課後ゲタ箱ロッケンロールMX
86,0,2014/09/21,私立恵比寿中学オータムソニー・ミュージックレーベルズハヌケツアー2014～どうかせんぱちぱちhahahaん～,,長崎県,長崎水辺の森公園,手をつなごう|頑張ってる途中|えびぞりダイアモンド!!|未確認中学生X|ハイタテキ!,
85,0,2014/09/15,私立恵比寿中学オータムソニー・ミュージックレーベルズハヌケツアー2014～どうかせんぱちぱちhahahaん～,,京都府,京都府立山城総合運動公園 太陽が丘特設野外ステージ,もっと走れっ!!|I'm your MANAGER!!!|バタフライエフェクト|禁断のカルマ|ハイタテキ!,
84,0,2014/09/14,イナズマロックフェス 2014,,滋賀県,雷神STAGE at 滋賀県草津市烏丸半島芝生広場,スターダストライト|アンコールの恋|ラブリースマイリーベイビー|誘惑したいや|仮契約のシンデレラ|幸せの貼り紙はいつも背中に,
83,0,2014/09/13,氣志團万博2014 ～房総大パニック ! 超激突!!,,千葉県,袖ケ浦海浜公園,売れたいエモーション!|Go!Go!Here We Go!ロック・リー|未確認中学生X|仮契約のシンデレラ|いつかのメイドインジャピャ～ン|放課後ゲタ箱ロッケンロールMX|大人はわかってくれない,
82,0,2014/08/23,エビ中沖縄初上陸～ハイタイ!ナイチから来ました。私立恵比寿中学です!いちゃりばちょーでー～,,沖縄県,サンエー那覇メインプレイス,ラブリースマイリーベイビー|チャイム!|Go!Go!Here We Go!ロック・リー|ほぼブラジル|あるあるフラダンス|未確認中学生X|永遠に中学生|仮契約のシンデレラ,
81,0,2014/08/19,a-nation island GIRLS' FACTORY 14 Day2,,,,ザ・ティッシュ～とまらない青春～|仮契約のシンデレラ|バタフライエフェクト|大人はわかってくれない|永遠のトリニティー,
80,0,2014/08/04,エビ中 夏のファミリー遠足 略してファミえん in 山中湖2014,ファミえん,山梨県,山中湖交流プラザきらら シアターひびき,ご存知!エビ中音頭|仮契約のシンデレラ|R-O-B-O-C-K|あるあるフラダンス|未確認中学生X|あたしきっと無限ルーパー|頑張ってる途中|大人はわかってくれない|体操|禁断のカルマ|バタフライエフェクト|アンコールの恋|中人DANCE MUSIC|梅|放課後ゲタ箱ロッケンロールMX|Lon de Don|いつかのメイドインジャピャ～ン|手をつなごう|いい湯かな?|誘惑したいや|幸せの貼り紙はいつも背中に,ラブリースマイリーベイビー|えびぞりダイアモンド!!|フレ!フレ!サイリウム|オーマイゴースト?～わたしが悪霊になっても～
79,0,2014/07/22,お台場新大陸2014 めざましライブ,,東京都,お台場新大陸 新大陸 Great Summer スタジアム,ラブリースマイリーベイビー|えびぞりダイアモンド!! |アンコールの恋|頑張ってる途中|手をつなごう|誘惑したいや,仮契約のシンデレラ
78,0,2014/06/26,「極東ロックンロール・ハイスクール 第弍章」 #40 私立恵比寿中学 vs 氣志團～私立恵比寿中学・私立戸塚水産高校 合同コンサートGIG 略して合コンin Zepp Tokyo 2014～,,東京都,Zepp Tokyo,Lon de Don|ラブリースマイリーベイビー|Go!Go!Here We Go!ロック・リー|アンコールの恋|未確認中学生X|仮契約のシンデレラ|放課後ゲタ箱ロッケンロールMX|幸せの貼り紙はいつも背中に,
77,0,2014/06/15,私立恵比寿中学スプリングソニー・ミュージックレーベルズルーキーツアー2014～生まれ変わりちょうちょうボーンとエトセトラ～,春ツアー,神奈川県,パシフィコ横浜 国立大ホール,バタフライエフェクト|オーマイゴースト?～わたしが悪霊になっても～|踊るガリ勉中学生|ほぼブラジル|歌え!踊れ!エビーダダ!|パクチー|禁断のカルマ|大人はわかってくれない|アンコールの恋|ラブリースマイリーベイビー|U.B.U.|誘惑したいや|使ってポートフォリオ|I'm your MANAGER!!!|できるかな?@松野莉奈|頑張ってる途中|未確認中学生X|仮契約のシンデレラ|フレ!フレ!サイリウム,放課後ゲタ箱ロッケンロールMX|Go!Go!Here We Go!ロック・リー|幸せの貼り紙はいつも背中に
76,0,2014/06/14,私立恵比寿中学スプリングソニー・ミュージックレーベルズルーキーツアー2014～生まれ変わりちょうちょうボーンとエトセトラ～,春ツアー,宮城県,仙台銀行ホール イズミティ21 大ホール,バタフライエフェクト|未確認中学生X|踊るガリ勉中学生|オーマイゴースト?～わたしが悪霊になっても～|使ってポートフォリオ|ザ・ティッシュ～とまらない青春～|U.B.U.|禁断のカルマ|アンコールの恋|ラブリースマイリーベイビー|えびぞりダイアモンド!!|売れたいエモーション!|梅|Fantastic Baby Love@柏木ひなた|誘惑したいや|仮契約のシンデレラ|放課後ゲタ箱ロッケンロールMX|幸せの貼り紙はいつも背中に,Lon de Don|スターダストライト|手をつなごう
75,0,2014/05/25,私立恵比寿中学スプリングソニー・ミュージックレーベルズルーキーツアー2014～生まれ変わりちょうちょうボーンとエトセトラ～,春ツアー,福岡県,Zepp Fukuoka,バタフライエフェクト|未確認中学生X|踊るガリ勉中学生|オーマイゴースト?～わたしが悪霊になっても～|Go!Go!Here We Go!ロック・リー|禁断のカルマ|アンコールの恋|チャイム!|U.B.U.|Kindness@廣田あいか|誘惑したいや|えびぞりダイアモンド!!|放課後ゲタ箱ロッケンロールMX|仮契約のシンデレラ|幸せの貼り紙はいつも背中に,ザ・ティッシュ～とまらない青春～|フレ!フレ!サイリウム |永遠に中学生
74,0,2014/05/25,私立恵比寿中学スプリングソニー・ミュージックレーベルズルーキーツアー2014～生まれ変わりちょうちょうボーンとエトセトラ～,春ツアー,福岡県,Zepp Fukuoka,バタフライエフェクト|使ってポートフォリオ|踊るガリ勉中学生|梅|パクチー|禁断のカルマ|アンコールの恋|もっと走れっ!! |頑張ってる途中|Kindness@廣田あいか|誘惑したいや|売れたいエモーション!|仮契約のシンデレラ|放課後ゲタ箱ロッケンロールMX|幸せの貼り紙はいつも背中に,Lon de Don|スターダストライト|手をつなごう
73,0,2014/05/24,私立恵比寿中学スプリングソニー・ミュージックレーベルズルーキーツアー2014～生まれ変わりちょうちょうボーンとエトセトラ～,春ツアー,京都府,京都府立山城総合運動公園,未確認中学生X|踊るガリ勉中学生|バタフライエフェクト|アンコールの恋|パクチー|手をつなごう,
72,0,2014/05/18,私立恵比寿中学スプリングソニー・ミュージックレーベルズルーキーツアー2014～生まれ変わりちょうちょうボーンとエトセトラ～,春ツアー,大分県,パークプレイス大分,ザ・ティッシュ～とまらない青春～|Lon de Don|バタフライエフェクト|仮契約のシンデレラ|アンコールの恋|誘惑したいや,
71,0,2014/05/17,第38回愛媛大学医学部 医学祭,,愛媛県,愛媛大学 医学部体育館,バタフライエフェクト|放課後ゲタ箱ロッケンロールMX|未確認中学生X|禁断のカルマ|アンコールの恋|仮契約のシンデレラ|大人はわかってくれない,
70,0,2014/05/06,私立恵比寿中学スプリングソニー・ミュージックレーベルズルーキーツアー2014～生まれ変わりちょうちょうボーンとエトセトラ～,春ツアー,東京都,Zepp DiverCity,バタフライエフェクト|未確認中学生X|踊るガリ勉中学生|梅|Go!Go!Here We Go!ロック・リー|禁断のカルマ|売れたいエモーション!|チャイム!|U.B.U.|たそがれシアター@安本彩花・小林歌穂・中山莉子|誘惑したいや|えびぞりダイアモンド!!|放課後ゲタ箱ロッケンロールMX|仮契約のシンデレラ|アンコールの恋,Lon de Don|スターダストライト|手をつなごう
69,0,2014/05/06,私立恵比寿中学スプリングソニー・ミュージックレーベルズルーキーツアー2014～生まれ変わりちょうちょうボーンとエトセトラ～,春ツアー,東京都,Zepp DiverCity,バタフライエフェクト|未確認中学生X|踊るガリ勉中学生|梅|パクチー|禁断のカルマ|売れたいエモーション!|もっと走れっ!!|頑張ってる途中|たそがれシアター@安本彩花・小林歌穂・中山莉子|誘惑したいや|えびぞりダイアモンド!!|仮契約のシンデレラ|放課後ゲタ箱ロッケンロールMX|アンコールの恋,ザ・ティッシュ～とまらない青春～|フレ!フレ!サイリウム |永遠に中学生
68,0,2014/05/04,私立恵比寿中学スプリングソニー・ミュージックレーベルズルーキーツアー2014～生まれ変わりちょうちょうボーンとエトセトラ～,春ツアー,愛知県,Zepp Nagoya,バタフライエフェクト|未確認中学生X|踊るガリ勉中学生|梅|Go!Go!Here We Go!ロック・リー|禁断のカルマ|売れたいエモーション!|サクラ・ゴーラウンド|U.B.U.|頑張ってる途中|老醜ブレイカー@真山りか|誘惑したいや|えびぞりダイアモンド!!|放課後ゲタ箱ロッケンロールMX|仮契約のシンデレラ,ザ・ティッシュ～とまらない青春～|フレ!フレ!サイリウム |永遠に中学生
67,0,2014/05/04,私立恵比寿中学スプリングソニー・ミュージックレーベルズルーキーツアー2014～生まれ変わりちょうちょうボーンとエトセトラ～,春ツアー,愛知県,Zepp Nagoya,バタフライエフェクト|未確認中学生X|踊るガリ勉中学生|梅|パクチー|禁断のカルマ|売れたいエモーション!|もっと走れっ!!|U.B.U.|頑張ってる途中|老醜ブレイカー@真山りか|誘惑したいや|えびぞりダイアモンド!!|仮契約のシンデレラ|放課後ゲタ箱ロッケンロールMX,Lon de Don|スターダストライト|手をつなごう
66,0,2014/04/29,私立恵比寿中学スプリングソニー・ミュージックレーベルズルーキーツアー2014～生まれ変わりちょうちょうボーンとエトセトラ～,春ツアー,石川県,石川県政記念しいのき迎賓館,梅|U.B.U.|誘惑したいや|手をつなごう|仮契約のシンデレラ|バタフライエフェクト|ご存知!エビ中音頭,
65,0,2014/04/27,私立恵比寿中学スプリングソニー・ミュージックレーベルズルーキーツアー2014～生まれ変わりちょうちょうボーンとエトセトラ～,春ツアー,大阪府,オリックス劇場,バタフライエフェクト|未確認中学生X|踊るガリ勉中学生|梅|禁断のカルマ|売れたいエモーション!|チャイム!|U.B.U.|頑張ってる途中|キミに39@星名美怜|誘惑したいや|大人はわかってくれない|スターダストライト|えびぞりダイアモンド!!|パクチー|Go!Go!Here We Go!ロック・リー|仮契約のシンデレラ|放課後ゲタ箱ロッケンロールMX,I'm your MANAGER!!!|使ってポートフォリオ|手をつなごう
64,0,2014/04/15,私立恵比寿中学合同出発式～今、君がここにいる～,,東京都,日本武道館,エビ中一週間|サクラ・ゴーラウンド|ほぼブラジル|オーマイゴースト?～わたしが悪霊になっても～|禁断のカルマ|Another Day|I'm your MANAGER!!! |頑張ってる途中|結果オーライ|ザ・ティッシュ～とまらない青春～|梅|放課後ゲタ箱ロッケンロールMX|未確認中学生X|使ってポートフォリオ|誘惑したいや|大人はわかってくれない|スターダストライト|またあえるかな|フレ!フレ!サイリウム |約束|Dear Dear Dear|えびぞりダイアモンド!!,Go!Go!Here We Go!ロック・リー|Lon de Don|仮契約のシンデレラ|イッショウトモダチ|また明日
63,0,2014/03/21,私立恵比寿中学 Luck To The Future PART2,,大阪府,グランキューブ大阪 メインホール,仮契約のシンデレラ|もっと走れっ!!|売れたいエモーション!|サクラ・ゴーラウンド|梅|使ってポートフォリオ|U.B.U.|チャイム!|えびぞりダイアモンド!!|誘惑したいや|禁断のカルマ|未確認中学生X|Lon de Don|ザ・ティッシュ～とまらない青春～|頑張ってる途中|手をつなごう|永遠に中学生|フレ!フレ!サイリウム|大人はわかってくれない,フレ!フレ!サイリウム|ザ・ティッシュ～とまらない青春～|バタフライエフェクト
62,0,2014/03/09,私立恵比寿中学 Luck To The Future PART1,,千葉県,幕張メッセ イベントホール,仮契約のシンデレラ|もっと走れっ!! |売れたいエモーション!|サクラ・ゴーラウンド|梅|使ってポートフォリオ|U.B.U. |チャイム!|えびぞりダイアモンド!! |誘惑したいや|禁断のカルマ|未確認中学生X|Lon de Don|ザ・ティッシュ～とまらない青春～|頑張ってる途中|手をつなごう|永遠に中学生|フレ!フレ!サイリウム|大人はわかってくれない,R-O-B-O-C-K|オーマイゴースト?～わたしが悪霊になっても～|放課後ゲタ箱ロッケンロールMX|踊るガリ勉中学生|揚げろ!エビフライ|イッショウトモダチ
61,0,2014/02/23,「自習vol.2」2時間目,,東京都,品川プリンスホテル ステラボール,えびぞりダイアモンド!!|どしゃぶりリグレット|エビ中一週間|ご存知!エビ中音頭|売れたいエモーション!|揚げろ!エビフライ|スターダストライト|神さまの言うとおり(瑞季・星名美怜・鈴木)|老醜ブレイカー@真山りか|いつかのメイドインジャピャ～ン(安本彩花・廣田・松野・柏木ひなた)|パクチー|Lon de Don|あたしきっと無限ルーパー|U.B.U.|また明日|仮契約のシンデレラ,
60,0,2014/02/23,「自習vol.2」1時間目,,東京都,品川プリンスホテル ステラボール,放課後ゲタ箱ロッケンロールMX|永遠に中学生|エビ中出席番号の歌 その1|どしゃぶりリグレット|オーマイゴースト?～わたしが悪霊になっても～|えびぞりダイアモンド!!|パクチー|なにがなんでも|チャイム!|もっと走れっ!!|いい湯かな?|頑張ってる途中|ザ・ティッシュ～とまらない青春～|梅|新・青春そのもの,
59,0,2014/01/04,"3B junior LIVE FINAL ""俺の藤井"" 2014",,群馬県,グリーンドーム前橋,未確認中学生X|仮契約のシンデレラ|誘惑したいや|使ってポートフォリオ|放課後ゲタ箱ロッケンロールMX,
58,0,2013/12/21,エビ中のパーティ!! Merry Christmas イェイ!!!,,東京都,TOKYO DOME CITY HALL,サクラ・ゴーラウンド|U.B.U.|大好きだよ|チャイム!|I'm your MANAGER!!!|誘惑したいや|結果オーライ|パクチー|使ってポートフォリオ|ザ・ティッシュ～とまらない青春～|仮契約のシンデレラ|スターダストライト|中人DANCE MUSIC|Thanks! Merry Christmas K,揚げろ!エビフライ|イッショウトモダチ|約束|えびぞりダイアモンド!!
57,0,2013/12/20,エビ中のパーティ!! Merry Christmas イェイ!!!,,東京都,TOKYO DOME CITY HALL,サクラ・ゴーラウンド|U.B.U.|大好きだよ|歌え!踊れ!エビーダダ!|R-O-B-O-C-K|誘惑したいや|結果オーライ|Another Day|大人はわかってくれない|ザ・ティッシュ～とまらない青春～|仮契約のシンデレラ|スターダストライト|中人DANCE MUSIC|Thanks! Merry Christmas K,もっと走れっ!!|イッショウトモダチ|また明日
56,0,2013/12/08,私立恵比寿中学 年忘れ大学芸会2013「エビ中のスターコンダクター」,,埼玉県,さいたまスーパーアリーナ,未確認中学生X|えびぞりダイアモンド!!|R-O-B-O-C-K|あたしきっと無限ルーパー|禁断のカルマ|梅|使ってポートフォリオ|アタリメ@瑞季・真山りか|友情ラブレター@杏野なつ・鈴木裕乃|キミに39@星名美怜|いつかのメイドインジャピャ～ン@安本彩花・廣田あいか・松野莉奈・柏木ひなた|I'm your MANAGER!!!|誘惑したいや|大人はわかってくれない|U.B.U.|頑張ってる途中|いい湯かな?|仮契約のシンデレラ|売れたいエモーション!|放課後ゲタ箱ロッケンロールMX|Lon de Don,踊るガリ勉中学生|手をつなごう|フレ!フレ!サイリウム|永遠に中学生
55,0,2013/11/24,私立恵比寿中学オータムデフスターCOMECOMEツアー2013～ デラックス・ジャム・ジャンボリー・ネオ ～,,東京都,アーバンドック ららぽーと豊洲 シーサイドデッキメインステージ,使ってポートフォリオ|I'm your MANAGER!!!|ザ・ティッシュ～とまらない青春～|未確認中学生X|仮契約のシンデレラ|手をつなごう,
54,0,2013/11/23,かえってきた スタフェス supported by J:COM,,神奈川県,テラスモール湘南1F ゲートスクエア特設ステージ,禁断のカルマ|もっと走れっ!!|踊るガリ勉中学生|U.B.U.|未確認中学生X|使ってポートフォリオ,
53,0,2013/11/17,私立恵比寿中学オータムデフスターCOMECOMEツアー2013～ デラックス・ジャム・ジャンボリー・ネオ ～,,福岡県,Zepp Fukuoka,あたしきっと無限ルーパー|禁断のカルマ|どしゃぶりリグレット|売れたいエモーション!|仮契約のシンデレラ|使ってポートフォリオ|U.B.U.|I'm your MANAGER!!!|誘惑したいや|大人はわかってくれない|チャイム!|エビ中一週間|Go!Go!Here We Go!ロック・リー|放課後ゲタ箱ロッケンロールMX,未確認中学生X|Lon de Don|フレ!フレ!サイリウム
52,0,2013/11/17,私立恵比寿中学オータムデフスターCOMECOMEツアー2013～ デラックス・ジャム・ジャンボリー・ネオ ～,,福岡県,Zepp Fukuoka,あたしきっと無限ルーパー|禁断のカルマ|Another Day|オーマイゴースト?～わたしが悪霊になっても～|仮契約のシンデレラ|誘惑したいや|I'm your MANAGER!!!|使ってポートフォリオ|U.B.U.|えびぞりダイアモンド!!|踊るガリ勉中学生|エビ中一週間|梅|放課後ゲタ箱ロッケンロールMX,未確認中学生X|Lon de Don|手をつなごう
51,0,2013/11/09,私立恵比寿中学オータムデフスターCOMECOMEツアー2013～ デラックス・ジャム・ジャンボリー・ネオ ～,,東京都,MEGA WEB トヨタ シティショウケース 1F,,
50,0,2013/11/04,せやねん!× Qsモール ご当地アイドル祭り ファイナル,,大阪府,みのおキューズモール,どしゃぶりリグレット|エビ中一週間|未確認中学生X|あたしきっと無限ルーパー|I'm your MANAGER!!!|U.B.U.,
49,0,2013/10/27,私立恵比寿中学オータムデフスターCOMECOMEツアー2013～ デラックス・ジャム・ジャンボリー・ネオ ～,,北海道,Zepp Sapporo,あたしきっと無限ルーパー|オーマイゴースト?～わたしが悪霊になっても～|仮契約のシンデレラ|禁断のカルマ|Another Day|Lon de Don|I'm your MANAGER!!!|誘惑したいや|大人はわかってくれない|チャイム!|梅|放課後ゲタ箱ロッケンロールMX|ザ・ティッシュ～とまらない青春～,未確認中学生X|フレ!フレ!サイリウム|いい湯かな?
48,0,2013/10/27,私立恵比寿中学オータムデフスターCOMECOMEツアー2013～ デラックス・ジャム・ジャンボリー・ネオ ～,,北海道,Zepp Sapporo,あたしきっと無限ルーパー|売れたいエモーション!|仮契約のシンデレラ|禁断のカルマ|パクチー|U.B.U.|I'm your MANAGER!!!|誘惑したいや|大人はわかってくれない|スターダストライト|Go!Go!Here We Go!ロック・リー|放課後ゲタ箱ロッケンロールMX|ザ・ティッシュ～とまらない青春～,未確認中学生X|中人DANCE MUSIC|手をつなごう
47,0,2013/10/20,私立恵比寿中学オータムデフスターCOMECOMEツアー2013～ デラックス・ジャム・ジャンボリー・ネオ ～,,東京都,Zepp Tokyo,あたしきっと無限ルーパー|禁断のカルマ|歌え!踊れ!エビーダダ!|売れたいエモーション!|仮契約のシンデレラ|踊るガリ勉中学生|えびぞりダイアモンド!!|I'm your MANAGER!!!|誘惑したいや|大人はわかってくれない|チャイム!|Go!Go!Here We Go!ロック・リー|放課後ゲタ箱ロッケンロールMX|Lon de Don,未確認中学生X|U.B.U.|中人DANCE MUSIC
46,0,2013/10/20,私立恵比寿中学オータムデフスターCOMECOMEツアー2013～ デラックス・ジャム・ジャンボリー・ネオ ～,,東京都,Zepp Tokyo,あたしきっと無限ルーパー|禁断のカルマ|Another Day|オーマイゴースト?～わたしが悪霊になっても～|仮契約のシンデレラ|えびぞりダイアモンド!!|踊るガリ勉中学生|U.B.U.|手をつなごう|誘惑したいや|I'm your MANAGER!!!|梅|放課後ゲタ箱ロッケンロールMX|Lon de Don,未確認中学生X|大人はわかってくれない|スターダストライト
45,0,2013/10/14,恵比寿文化祭,,東京都,恵比寿ガーデンプレイス,,
44,0,2013/10/13,私立恵比寿中学オータムデフスターCOMECOMEツアー2013～ デラックス・ジャム・ジャンボリー・ネオ ～,,愛知県,Zepp Nagoya,あたしきっと無限ルーパー|売れたいエモーション!|仮契約のシンデレラ|禁断のカルマ|Another Day|えびぞりダイアモンド!!|頑張ってる途中|I'm your MANAGER!!!|誘惑したいや|大人はわかってくれない|スターダストライト|梅|放課後ゲタ箱ロッケンロールMX|ザ・ティッシュ～とまらない青春～,未確認中学生X|Lon de Don|手をつなごう
43,0,2013/10/13,私立恵比寿中学オータムデフスターCOMECOMEツアー2013～ デラックス・ジャム・ジャンボリー・ネオ ～,,愛知県,Zepp Nagoya,あたしきっと無限ルーパー|オーマイゴースト?～わたしが悪霊になっても～|仮契約のシンデレラ|禁断のカルマ|パクチー|えびぞりダイアモンド!!|梅|I'm your MANAGER!!!|誘惑したいや|大人はわかってくれない|チャイム!|Go!Go!Here We Go!ロック・リー|放課後ゲタ箱ロッケンロールMX|ザ・ティッシュ～とまらない青春～,未確認中学生X|Lon de Don|フレ!フレ!サイリウム
42,0,2013/10/06,がぶ飲み 学園祭ライブ,,神奈川県,私立橘学苑中学校・高等学校,放課後ゲタ箱ロッケンロールMX|頑張ってる途中|揚げろ!エビフライ|I'm your MANAGER!!!,
41,0,2013/09/23,?,,広島県,基町クレド ふれあい広場,,
40,0,2013/09/22,私立恵比寿中学オータムデフスターCOMECOMEツアー2013～ デラックス・ジャム・ジャンボリー・ネオ ～,,大阪府,Zepp Namba,あたしきっと無限ルーパー|禁断のカルマ|パクチー|売れたいエモーション!|仮契約のシンデレラ|Lon de Don|梅|大好きだよ|誘惑したいや|大人はわかってくれない|チャイム!|頑張ってる途中|放課後ゲタ箱ロッケンロールMX|ザ・ティッシュ～とまらない青春～,未確認中学生X|えびぞりダイアモンド!!|フレ!フレ!サイリウム
39,0,2013/09/22,私立恵比寿中学オータムデフスターCOMECOMEツアー2013～ デラックス・ジャム・ジャンボリー・ネオ ～,,大阪府,Zepp Namba,あたしきっと無限ルーパー|禁断のカルマ|Another Day|オーマイゴースト?～わたしが悪霊になっても～|仮契約のシンデレラ|Lon de Don|梅|手をつなごう|誘惑したいや|大人はわかってくれない|スターダストライト|頑張ってる途中|放課後ゲタ箱ロッケンロールMX|ザ・ティッシュ～とまらない青春～,未確認中学生X|えびぞりダイアモンド!!|中人DANCE MUSIC
38,0,2013/09/21,イナズマロックフェス 2013,,滋賀県,滋賀県草津市烏丸半島芝生広場,オーマイゴースト?～わたしが悪霊になっても～|放課後ゲタ箱ロッケンロールMX|ザ・ティッシュ～とまらない青春～|Go!Go!Here We Go!ロック・リー|あるあるフラダンス,
37,0,2013/09/15,氣志團万博2013 ～房総爆音梁山泊～,,千葉県,袖ケ浦海浜公園,放課後ゲタ箱ロッケンロールMX|大人はわかってくれない|Lon de Don|禁断のカルマ|あたしきっと無限ルーパー|仮契約のシンデレラ,
36,0,2013/08/23,「自習」2時間目,,東京都,品川プリンスホテル ステラボール,えびぞりダイアモンド!!|チャイム!|ザ・ティッシュ～とまらない青春～|売れたいエモーション!|オーマイゴースト?～わたしが悪霊になっても～|もっと走れっ!!|踊るガリ勉中学生|放課後ゲタ箱ロッケンロールMX|手をつなごう|フレ!フレ!サイリウム|梅|誘惑したいや|仮契約のシンデレラ|BELIEVE IN LOVE / LINDBERG|永遠に中学生,
35,0,2013/08/23,「自習」1時間目,,東京都,品川プリンスホテル ステラボール,仮契約のシンデレラ|梅|放課後ゲタ箱ロッケンロールMX|ダイビング|大人はわかってくれない|禁断のカルマ|いい湯かな?|手をつなごう|頑張ってる途中|あるあるフラダンス|BELIEVE IN LOVE / LINDBERG|チャイム!,
34,0,2013/08/08,a-nation island 坂崎幸之助のお台場フォーク村 10周年 第36夜 帰ってきたともえちゃんフォークジャンボリー,,東京都,国立代々木競技場 第一体育館,仮契約のシンデレラ|ぼくたちの失敗@鈴木裕乃 / 森田童子|悲しくてやりきれない@星名美怜 / ザ・フォーク・クルセダーズ|ひこうき雲@安本彩花 / 松任谷由実|遠い世界に@瑞季 / 五つの赤い風船|シルエット・ロマンス@柏木ひなた / 大橋純子|悪女 / 中島みゆき@杏野なつ|ジョニィへの伝言@真山りか / ペドロ&カプリシャス|傘がない@廣田あいか / 井上陽水|今日までそして明日から@松野莉奈 / 吉田拓郎|SWEAT&TEARS / THE ALFEE@with 坂崎幸之助,
33,0,2013/08/06,お台場合衆国2013めざましライブ,,東京都,お台場合衆国2013 お台場合衆国サンサンアイランド 合衆国Open Summer スタジアム,えびぞりダイアモンド!!|仮契約のシンデレラ|オーマイゴースト?～わたしが悪霊になっても～|Lon de Don|放課後ゲタ箱ロッケンロールMX|頑張ってる途中|禁断のカルマ|誘惑したいや,また明日
32,0,2013/07/28,エビ中 夏のファミリー遠足 略してファミえん in 河口湖2013,ファミえん,山梨県,河口湖ステラシアター 野外大ホール,ご存知!エビ中音頭|ほぼブラジル|オーマイゴースト?～わたしが悪霊になっても～|あるあるフラダンス|Another Day|踊るガリ勉中学生|仮契約のシンデレラ|大好きだよ|誘惑したいや|禁断のカルマ|大人はわかってくれない|スターダストライト|売れたいエモーション!|ザ・ティッシュ～とまらない青春～|梅|放課後ゲタ箱ロッケンロールMX|中人DANCE MUSIC|えびぞりダイアモンド!!|手をつなごう|いい湯かな?|頑張ってる途中,Go!Go!Here We Go!ロック・リー|Lon de Don
31,0,2013/07/24,私立恵比寿中学1st full Album「中人」発売記念 集えヨヨギバ学芸会!!,,東京都,代々木公園 野外ステージ,Go!Go!Here We Go!ロック・リー|踊るガリ勉中学生|仮契約のシンデレラ|放課後ゲタ箱ロッケンロールMX|頑張ってる途中|手をつなごう|誘惑したいや,
30,0,2013/06/30,エビ中文化祭～恵比寿リトル歌劇団、ふたたび～,,東京都,赤坂ACTシアター,Lon de Don|どしゃぶりリグレット|ザ・ティッシュ～とまらない青春～|フレ!フレ!サイリウム|えびぞりダイアモンド!!|頑張ってる途中|手をつなごう,
29,0,2013/06/09,私立恵比寿中学 スプリングデフスターとんでんツアー2013 ～チャンスは今だ!幸運期に乗ってよいこらしょ～,,神奈川県,ラゾーナ川崎プラザ ルーファ広場 グランドステージ,サクラ・ゴーラウンド|Lon de Don|Another Day|エビ中出席番号の歌 その1|えびぞりダイアモンド!!|禁断のカルマ|手をつなごう,
28,0,2013/06/04,私立東京エビ流中学,対バン,神奈川県,横浜BLITZ,禁断のカルマ|大人はわかってくれない|約束|おんなじキモチ / 東京女子流@with 東京女子流|放課後ゲタ箱ロッケンロールMX@with 東京女子流,世界に一つだけの花 / SMAP@with 東京女子流
27,0,2013/06/02,私立恵比寿中学 スプリングデフスターとんでんツアー2013 ～チャンスは今だ!幸運期に乗ってよいこらしょ～,春ツアー,福岡県,リバーウォーク北九州 ミスティックコート,ザ・ティッシュ～とまらない青春～|Lon de Don|手をつなごう|もっと走れっ!!|梅|大人はわかってくれない|オーマイゴースト?～わたしが悪霊になっても～|禁断のカルマ,
26,0,2013/05/26,私立恵比寿中学 スプリングデフスターとんでんツアー2013 ～チャンスは今だ!幸運期に乗ってよいこらしょ～,春ツアー,北海道,アリオ札幌 ハーベストコートイベント広場,手をつなごう|Lon de Don|エビ中一週間|Another Day|梅|放課後ゲタ箱ロッケンロールMX|禁断のカルマ|頑張ってる途中,
25,0,2013/05/19,私立恵比寿中学 スプリングデフスターとんでんツアー2013 ～チャンスは今だ!幸運期に乗ってよいこらしょ～,春ツアー,大阪府,大阪南港 ATC 海辺のステージ,新・青春そのもの|仮契約のシンデレラ|ザ・ティッシュ～とまらない青春～|結果オーライ|禁断のカルマ|Lon de Don|手をつなごう,
24,0,2013/05/12,私立恵比寿中学 スプリングデフスターとんでんツアー2013 ～チャンスは今だ!幸運期に乗ってよいこらしょ～,春ツアー,広島県,基町クレド ふれあい広場,売れたいエモーション!|Go!Go!Here We Go!ロック・リー|大好きだよ|Another Day|放課後ゲタ箱ロッケンロールMX|えびぞりダイアモンド!!|禁断のカルマ|イッショウトモダチ,
23,0,2013/05/06,私立恵比寿中学 スプリングデフスターとんでんツアー2013 ～チャンスは今だ!幸運期に乗ってよいこらしょ～,春ツアー,神奈川県,横浜BLITZ,Another Day|仮契約のシンデレラ|踊るガリ勉中学生|サクラ・ゴーラウンド|オーマイゴースト?～わたしが悪霊になっても～|梅|放課後ゲタ箱ロッケンロールMX|ザ・ティッシュ～とまらない青春～|手をつなごう|頑張ってる途中|歌え!踊れ!エビーダダ!|大人はわかってくれない|禁断のカルマ,約束|フレ!フレ!サイリウム|スターダストライト|永遠に中学生
22,0,2013/05/06,私立恵比寿中学 スプリングデフスターとんでんツアー2013 ～チャンスは今だ!幸運期に乗ってよいこらしょ～,春ツアー,神奈川県,横浜BLITZ,パクチー|仮契約のシンデレラ|踊るガリ勉中学生|サクラ・ゴーラウンド|オーマイゴースト?～わたしが悪霊になっても～|梅|結果オーライ|ザ・ティッシュ～とまらない青春～|手をつなごう|チャイム!|歌え!踊れ!エビーダダ!|大人はわかってくれない|禁断のカルマ,Another Day|フレ!フレ!サイリウム|スターダストライト
21,0,2013/05/05,私立恵比寿中学 スプリングデフスターとんでんツアー2013 ～チャンスは今だ!幸運期に乗ってよいこらしょ～,春ツアー,神奈川県,横浜BLITZ,エビ中一週間|売れたいエモーション!|踊るガリ勉中学生|ほぼブラジル|エビ中出席番号の歌 その1|サクラ・ゴーラウンド|えびぞりダイアモンド!!|禁断のカルマ|大好きだよ|ザ・ティッシュ～とまらない青春～|梅|Go!Go!Here We Go!ロック・リー|仮契約のシンデレラ,手をつなごう|イッショウトモダチ|また明日
20,0,2013/05/05,私立恵比寿中学 スプリングデフスターとんでんツアー2013 ～チャンスは今だ!幸運期に乗ってよいこらしょ～,春ツアー,神奈川県,横浜BLITZ,ダイビング|売れたいエモーション!|踊るガリ勉中学生|ほぼブラジル|もっと走れっ!!|サクラ・ゴーラウンド|どしゃぶりリグレット|禁断のカルマ|大好きだよ|揚げろ!エビフライ|梅|Go!Go!Here We Go!ロック・リー|仮契約のシンデレラ,手をつなごう|頑張ってる途中|永遠に中学生
19,0,2013/05/03,私立恵比寿中学 スプリングデフスターとんでんツアー2013 ～チャンスは今だ!幸運期に乗ってよいこらしょ～,春ツアー,愛知県,久屋大通公園 エンゼル広場,揚げろ!エビフライ|チャイム!|ほぼブラジル|オーマイゴースト?～わたしが悪霊になっても～|梅|仮契約のシンデレラ|禁断のカルマ|手をつなごう,
18,0,2013/04/29,中学生もつらいよ ～浪花奮闘編～,,大阪府,大阪城野外音楽堂,パクチー|結果オーライ|どしゃぶりリグレット|エビ中出席番号の歌 その1|エビ中一週間|売れたいエモーション!|たそがれシアター@安本彩花・鈴木裕乃|一生 一緒 いいっしょ?@松野莉奈・柏木ひなた|Kindness@瑞季・廣田あいか|for you@杏野なつ・星名美怜|老醜ブレイカー@真山りか|サクラ・ゴーラウンド|禁断のカルマ|手をつなごう|梅|ザ・ティッシュ～とまらない青春～|スターダストライト|頑張ってる途中,放課後ゲタ箱ロッケンロールMX|仮契約のシンデレラ|フレ!フレ!サイリウム|永遠に中学生|大人はわかってくれない|えびぞりダイアモンド!!
17,0,2013/04/28,私立恵比寿中学 スプリングデフスターとんでんツアー2013 ～チャンスは今だ!幸運期に乗ってよいこらしょ～,,石川県,しいのき迎賓館,Go!Go!Here We Go!ロック・リー|ザ・ティッシュ～とまらない青春～|手をつなごう|仮契約のシンデレラ|梅|禁断のカルマ|えびぞりダイアモンド!!|また明日,ご存知!エビ中音頭
16,0,2013/03/31,狂い咲きエビィーロード ～終わりなき進級～,,東京都,よみうりランド オープンシアターEAST,サクラ・ゴーラウンド|踊るガリ勉中学生|Go!Go!Here We Go!ロック・リー|売れたいエモーション!|放課後ゲタ箱ロッケンロールMX|仮契約のシンデレラ|大好きだよ|もっと走れっ!!|チャイム!|スターダストライト|オーマイゴースト?～わたしが悪霊になっても～|禁断のカルマ|ザ・ティッシュ～とまらない青春～|手をつなごう|えびぞりダイアモンド!!|頑張ってる途中,梅|大人はわかってくれない|永遠に中学生|イッショウトモダチ|また明日|仮契約のシンデレラ
15,0,2013/03/03,生誕誕メン祭り ～行列御免!お昼は1品無料サービス～,,千葉県,ららぽーと柏の葉,梅|エビ中一週間|ザ・ティッシュ～とまらない青春～|大人はわかってくれない|有頂天LOVE / スマイレージ|永遠に中学生|えびぞりダイアモンド!!|踊るガリ勉中学生|仮契約のシンデレラ|スターダストライト|じょいふる / いきものがかり|頑張ってる途中,
14,0,2013/01/20,?,,神奈川県,ラゾーナ川崎プラザ,えびぞりダイアモンド!!|大好きだよ|踊るガリ勉中学生|仮契約のシンデレラ|はじまりのとき / 絢香|梅,また明日
13,0,2013/01/19,フリーライブ万歳!!人生ラクアりゃ区は文京区,,東京都,東京ドームシティ ラクーア,梅|大人はわかってくれない|大好きだよ|もっと走れっ!!|踊るガリ勉中学生|頑張ってる途中|また明日,
12,0,2013/01/14,私立恵比寿中学「ウィンターデフスター極上ツアー2012-2013 ～KING OF GAKUGEEEEKAI of チュウ of LIFE～」,,東京都,Zepp Tokyo,Go!Go!Here We Go!ロック・リー|えびぞりダイアモンド!!|仮契約のシンデレラ|ほぼブラジル|パクチー|売れたいエモーション!|大好きだよ|スターダストライト|頑張ってる途中|梅|踊るガリ勉中学生|大人はわかってくれない,約束|チャイム!|また明日|永遠に中学生
11,0,2013/01/14,私立恵比寿中学「ウィンターデフスター極上ツアー2012-2013 ～KING OF GAKUGEEEEKAI of チュウ of LIFE～」,,東京都,Zepp Tokyo,エビ中一週間|ザ・ティッシュ～とまらない青春～|踊るガリ勉中学生|パクチー|大人はわかってくれない|どしゃぶりリグレット|大好きだよ|オーマイゴースト?～わたしが悪霊になっても～|放課後ゲタ箱ロッケンロールMX|仮契約のシンデレラ|フレ!フレ!サイリウム|梅,頑張ってる途中|イッショウトモダチ|永遠に中学生
10,0,2013/01/12,私立恵比寿中学「ウィンターデフスター極上ツアー2012-2013 ～KING OF GAKUGEEEEKAI of チュウ of LIFE～」,,北海道,Zepp Sapporo,エビ中一週間|ザ・ティッシュ～とまらない青春～|揚げろ!エビフライ|パクチー|大人はわかってくれない|どしゃぶりリグレット|大好きだよ|オーマイゴースト?～わたしが悪霊になっても～|放課後ゲタ箱ロッケンロールMX|仮契約のシンデレラ|フレ!フレ!サイリウム|梅,頑張ってる途中|イッショウトモダチ|また明日
9,0,2013/01/12,私立恵比寿中学「ウィンターデフスター極上ツアー2012-2013 ～KING OF GAKUGEEEEKAI of チュウ of LIFE～」,,北海道,Zepp Sapporo,Go!Go!Here We Go!ロック・リー|えびぞりダイアモンド!!|仮契約のシンデレラ|ほぼブラジル|パクチー|売れたいエモーション!|大好きだよ|スターダストライト|頑張ってる途中|梅|約束|大人はわかってくれない,放課後ゲタ箱ロッケンロールMX|チャイム!|永遠に中学生
8,0,2013/01/06,スタダ芸能3部祭り2013,,東京都,新木場STUDIO COAST,フレ!フレ!サイリウム|えびぞりダイアモンド!!|ザ・ティッシュ～とまらない青春～|パクチー|放課後ゲタ箱ロッケンロールMX|スターダストライト,
7,0,2013/01/05,スタダ芸能3部祭り2013,,東京都,新木場STUDIO COAST,仮契約のシンデレラ|オーマイゴースト?～わたしが悪霊になっても～|大人はわかってくれない|梅|売れたいエモーション!|頑張ってる途中,
6,0,2012/12/25,私立恵比寿中学「ウィンターデフスター極上ツアー2012-2013 ～KING OF GAKUGEEEEKAI of チュウ of LIFE～」,,東京都,フジテレビ,もろびとこぞりて//あわてんぼうのサンタクロース//ジングルベル//ラストクリスマス//恋人がサンタクロース|スターダストライト|梅|仮契約のシンデレラ|頑張ってる途中|フレ!フレ!サイリウム,
5,0,2012/12/24,私立恵比寿中学「ウィンターデフスター極上ツアー2012-2013 ～KING OF GAKUGEEEEKAI of チュウ of LIFE～」,,兵庫県,阪急西宮ガーデンズ,梅|大人はわかってくれない|ザ・ティッシュ～とまらない青春～|パクチー|頑張ってる途中,
4,0,2012/12/23,私立恵比寿中学「ウィンターデフスター極上ツアー2012-2013 ～KING OF GAKUGEEEEKAI of チュウ of LIFE～」,,福岡県,Zepp Fukuoka,もろびとこぞりて//あわてんぼうのサンタクロース//ジングルベル//恋人がサンタクロース|結果オーライ|オーマイゴースト?～わたしが悪霊になっても～|仮契約のシンデレラ|ほぼブラジル|どしゃぶりリグレット|歌え!踊れ!エビーダダ!|えびぞりダイアモンド!!|放課後ゲタ箱ロッケンロールMX|梅|パクチー|頑張ってる途中|イッショウトモダチ,約束|スターダストライト|また明日
3,0,2012/12/23,私立恵比寿中学「ウィンターデフスター極上ツアー2012-2013 ～KING OF GAKUGEEEEKAI of チュウ of LIFE～」,,福岡県,Zepp Fukuoka,もろびとこぞりて//あわてんぼうのサンタクロース//ジングルベル//恋人がサンタクロース|エビ中出席番号の歌 その1|Go!Go!Here We Go!ロック・リー|もっと走れっ!!|売れたいエモーション!|ザ・ティッシュ～とまらない青春～|えびぞりダイアモンド!!|新・青春そのもの|大人はわかってくれない|梅|パクチー|頑張ってる途中|スターダストライト,仮契約のシンデレラ|フレ!フレ!サイリウム|永遠に中学生
2,0,2012/12/15,私立恵比寿中学年忘れ大学芸会「エビ中のジャングル大冒険」,,東京都,中野サンプラザ ホール,揚げろ!エビフライ|エビ中一週間|スターダストライト|仮契約のシンデレラ|チャイム!|梅|オーマイゴースト?～わたしが悪霊になっても～|そろそろくるぞ@松野莉奈・柏木ひなた|Kindness@瑞季・廣田あいか|for you@杏野なつ・星名美怜|たそがれシアター@安本彩花・鈴木裕乃|老醜ブレイカー@真山りか|パクチー|ほぼブラジル|Go!Go!Here We Go!ロック・リー|売れたいエモーション!|ザ・ティッシュ～とまらない青春～|フレ!フレ!サイリウム|頑張ってる途中,放課後ゲタ箱ロッケンロールMX|えびぞりダイアモンド!!|約束|イッショウトモダチ
1,0,2012/07/01,私立恵比寿中学 ファーストコンサート「じゃあ・ベストテン」,,東京都,日本青年館,ザ・ティッシュ～とまらない青春～|エビ中一週間|永遠に中学生|エビ中出席番号の歌 その1|えびぞりダイアモンド!!|ご存知!エビ中音頭|結果オーライ|フジストリー|Go!Go!Here We Go!ロック・リー|もっと走れっ!!|どしゃぶりリグレット|これでいいのだ!@真山りか・杏野なつ|アンタ@廣田あいか|神さまの言うとおり@瑞季・星名美怜・鈴木裕乃|一生 一緒 いいっしょ?@松野莉奈・柏木ひなた|またあえるかな@安本彩花|歌え!踊れ!エビーダダ!|仮契約のシンデレラ|売れたいエモーション!|オーマイゴースト?～わたしが悪霊になっても～|放課後ゲタ箱ロッケンロールMX|揚げろ!エビフライ,フレ!フレ!サイリウム|チャイム!|イッショウトモダチ|仮契約のシンデレラ|